name,部位,短命,ASSASSIN HONED,BALANCED,破滅,BATTLE LUST,BERSERK,吸血,BONE BREAKER,補強不可,詠唱集中,CHAOS DAMAGE,CRAFT BONUS,CRAFT EXCEPTIONAL BONUS,CURSED,CURSE REMOVAL,物理,炎,冷気,毒,エネルギー,HP変換,HP変換(物理),HP変換(炎),HP変換(冷気),HP変換(毒),HP変換(エネルギー),武器ダメージ,ダメージ修正,回避,DEX,DURABILITY BONUS,POT強化,CR,FC,FOCUS,炎エリア,冷気エリア,毒エリア,エネルギーエリア,命中,Curse,Dispel,STMダウン,Fireball,Harm,HPリーチ,Lightning,命中低下,回避低下,Magic Arrow,Mana Drain,MPリーチ,HP,HP回復,STMリーチ,INT,LAST PARRY CHANCE,矢弾コスト,MPコスト,秘薬コスト,装備条件,幸運,瞑想可,魔道武器,MP,MANA PHASE,MP回復,MASSIVE,NIGHT SIGHT,PRIZED,RANDOM PROTECTION,RANDOM KILLER,RANDOM SUMMONER,麻痺カウンター,物理ダメージ反射,REPLENISH CHARGES,物理抵抗,炎抵抗,冷気抵抗,毒抵抗,エネルギー抵抗,RESONANCE,SEARING,自己修復,SOUL CHARGE,SPARKS,詠唱可,呪文ダメージ,詠唱集中,破片残留,STM,STM回復,STR,SWARM,速度増,TOXIC WEAPON,UNWIELDY,ベスト,VELOCITY,WARD REMOVAL,重量軽減,WILDFIRE REMOVAL,耐久性,装備STR,基礎ダメージ,基礎速度,基礎重量,片手,両手,基礎スキル,射程,4G,除外,略,date,url,備考,,,,,,,,,,,,,
Coffin (one of three pieces),他,,,,,,,,,,,,,,,,,,,,,,,,,,,,,,,,,,,,,,,,,,,,,,,,,,,,,,,,,,,,,,,,,,,,,,,,,,,,,,,,,,,,,,,,,,,,,,,,,,,,,,,,,,,,,,,,,,,2025-12-26,https://uo.com/wiki/ultima-online-wiki/items/artifact-collections/artifacts-buried/,[],,,,,,,,,,,,,
Creeping Vine,他,,,,,,,,,,,,,,,,,,,,,,,,,,,,,,,,,,,,,,,,,,,,,,,,,,,,,,,,,,,,,,,,,,,,,,,,,,,,,,,,,,,,,,,,,,,,,,,,,,,,,,,,,,,,,,,,,,,2025-12-26,https://uo.com/wiki/ultima-online-wiki/items/artifact-collections/artifacts-buried/,[],,,,,,,,,,,,,
Mana Phasing Orb,タリス,,,,,,,,,*,,,,,,,,,,,,,,,,,,,,,,,,,,,,,,,,,,,,,,,,,,,,,,,,,,,,,,,,,*,,,,,,,,,,,,,,,,,,,,,,,,,,,,,,,,,,,,,75/75,,,,,,,,,,,,2025-12-26,https://uo.com/wiki/ultima-online-wiki/items/artifact-collections/artifacts-buried/,[USES: 50,random 3 groups,GROUP 1 – HIT POINT REGENERATION 1 MANA REGENERATION 1 OR STAMINA REGENERATION 1,GROUP 2 – HIT CHANCE INCREASE 5% OR DEFENSE CHANCE INCREASE 5%,GROUP 3 – LOWER REAGENT COST 10% DAMAGE INCREASE 15% OR SPELL DAMAGE INCREASE 5%,],,,,,,,,
Master Skeleton Key,,,,,,,,,,,,,,,,,,,,,,,,,,,,,,,,,,,,,,,,,,,,,,,,,,,,,,,,,,,,,,,,,,,,,,,,,,,,,,,,,,,,,,,,,,,,,,,,,,,,,,,,,,,,,,,,,,,,2025-12-26,https://uo.com/wiki/ultima-online-wiki/items/artifact-collections/artifacts-buried/,[],,,,,,,,,,,,,
Runed Sash of Warding (Spell Damage Ward),肩掛け,,,,,,,,,*,,,,,,,,,,,,,,,,,,,,,,,,,,,,,,,,,,,,,,,,,,,,,,,,,,,,,,,,,,,,,,,,,,,,,,,,,,,,,,,,,,,,,,,,,,,,,,75/75,10,,,,,,,,,,,2025-12-26,https://uo.com/wiki/ultima-online-wiki/items/artifact-collections/artifacts-buried/,[USES: 50],,,,,,,,,,,,,
Runed Sash of Warding (Weapon Damage Ward),肩掛け,,,,,,,,,*,,,,,,,,,,,,,,,,,,,,,,,,,,,,,,,,,,,,,,,,,,,,,,,,,,,,,,,,,,,,,,,,,,,,,,,,,,,,,,,,,,,,,,,,,,,,,,75/75,10,,,,,,,,,,,2025-12-26,https://uo.com/wiki/ultima-online-wiki/items/artifact-collections/artifacts-buried/,[USES: 50],,,,,,,,,,,,,
Skeleton Key,,,,,,,,,,,,,,,,,,,,,,,,,,,,,,,,,,,,,,,,,,,,,,,,,,,,,,,,,,,,,,,,,,,,,,,,,,,,,,,,,,,,,,,,,,,,,,,,,,,,,,,,,,,,,,,,,,,,2025-12-26,https://uo.com/wiki/ultima-online-wiki/items/artifact-collections/artifacts-buried/,[,CAN BE COMBINED TOGETHER TO A TOTAL OF 100 USES],,,,,,,,,,,,
Surge Shield,盾,,,,,,,,,*,,,,,,,,,,,,,,,,,,,,,,,,,,,,,,,,,,,,,,,,,,,,,,,,,,,,,,,,,,,,,,,,,,,,,,1,,,,,,,,,,,,,,,,,,,,,,,,75/75,35,,,,,,,,,,,2025-12-26,https://uo.com/wiki/ultima-online-wiki/items/artifact-collections/artifacts-buried/,[USES: 50,random 4 groups,GROUP 1 – HIT POINT REGENERATION MANA REGENERATION OR STAMINA REGENERATION (THE SURGE PROPERTY),GROUP 2 – HIT CHANCE INCREASE 5% OR LOWER MANA COST 4%,GROUP 3 – FASTER CASTING 1 OR SPELL CHANNELING,GROUP 4 – +5% A RANDOM RESIST*,*THIS CAN STACK WITH THE FIXED 1% COLD RESIST.,SURGE SHIELDS FROM TER MUR MAPS ARE A GARGOYLE VERSION.],,,,,,
Ægis,,,,,,,,,,,,,,,,,,,,,,,,,,,,,,15,,,,,,,,,,,,,,,,,,,,,,,,,,,,,,8,,,,,,,,,,,,,,,,15,,15,1,,,,,,5,,,,,,,,,,,,,,,,,,,255/255,90,,,,,,,,,,,2025-12-26,https://uo.com/wiki/ultima-online-wiki/items/artifact-collections/artifacts-doom-gauntlet/,[ARTIFACT RARITY 11],,,,,,,,,,,,,
An Artifact Recipe,,,,,,,,,,,,,,,,,,,,,,,,,,,,,,,,,,,,,,,,,,,,,,,,,,,,,,,,,,,,,,,,,,,,,,,,,,,,,,,,,,,,,,,,,,,,,,,,,,,,,,,,,,,,,,,,,,,,2025-12-26,https://uo.com/wiki/ultima-online-wiki/items/artifact-collections/artifacts-doom-gauntlet/,[EXCEPTION],,,,,,,,,,,,,
Arcane Shield,盾,,,,,,,,,,,,,,,,,,,,,,,,,,,,,15,,,,,1,,,,,,,,,,,,,,,,,,,,,,,,,,,,,,,,,,,*,,,,,,,,,,,,1,,,,,,*,,,,,,,,,,,,,,,,255/255,20,,,,,,,,,,,2025-12-26,https://uo.com/wiki/ultima-online-wiki/items/artifact-collections/artifacts-doom-gauntlet/,[ARTIFACT RARITY 11],,,,,,,,,,,,,
A Random ‘Prized’ Artifact Item,,,,,,,,,,,,,,,,,,,,,,,,,,,,,,,,,,,,,,,,,,,,,,,,,,,,,,,,,,,,,,,,,,,,,,,,,,,,,,,,,,,,,,,,,,,,,,,,,,,,,,,,,,,,,,,,,,,,2025-12-26,https://uo.com/wiki/ultima-online-wiki/items/artifact-collections/artifacts-doom-gauntlet/,[EXCEPTION],,,,,,,,,,,,,
Armor of Fortune,胴,,,,,,,,,,,,,,,,,,,,,,,,,,,,,15,,,,,,,,,,,,,,,,,,,,,,,,,,,,,,,40,,200,*,,,,,,,,,,,,,,2,4,3,3,4,,,,,,,,,,,,,,,,,,,,,,255/255,35,,,,,,,,,,,2025-12-26,https://uo.com/wiki/ultima-online-wiki/items/artifact-collections/artifacts-doom-gauntlet/,[ARTIFACT RARITY 11],,,,,,,,,,,,,
Axe of the Heavens,武器,,,,,,,,,,,,,,,,100,,,,,,,,,,,50,,15,,,,,,,,,,,15,,,,,,,50,,,,,,,,,,,,,,,,,,,,,,,,,,,,,,,,,,,,,,,,,,,,,,,,,,,,,,,,255/255,45,15-18,3.25,,,*,SWORDSMANSHIP,,,,,2025-12-26,https://uo.com/wiki/ultima-online-wiki/items/artifact-collections/artifacts-doom-gauntlet/,[ARTIFACT RARITY 11],,,,,,,,,,,,,
Blade of Insanity,武器,,,,,,,,,,,,,,,,100,,,,,,,,,,,50,,,,,,,,,,,,,,,,,,,,,,,,,,,,100,,,,,,,,,,,,,,,,,,,,,,,,,,,,,,,,,,,,,2,,,30,,,,,,,,255/255,25,10-14,2.5,,*,,SWORDSMANSHIP,,,,,2025-12-26,https://uo.com/wiki/ultima-online-wiki/items/artifact-collections/artifacts-doom-gauntlet/,[ARTIFACT RARITY 11],,,,,,,,,,,,,
Bone Crusher,,,,,,,,,,,,,,,,,100,,,,,,,,,,,75,,,,,,,,,,,,,,,,,,,,,,50,,,,,,,,,,,,,,,,,,,,,,,,,,,,,,,,,,,,,,,,,,,,10,,,,,,,,,,255/255,80,15-19,3.75,,*,,MACE FIGHTING,,,,,2025-12-26,https://uo.com/wiki/ultima-online-wiki/items/artifact-collections/artifacts-doom-gauntlet/,[ARTIFACT RARITY 11],,,,,,,,,,,,,
Bow of Infinite Spawn,,,,,,,,,,,,,,,,,100,,,,,,,,,,,50,,,,,,,,,,,,,,,,,,,,,,,,,50,,,50,,,,,,,,,,,,,,,,,,,,,,,,,,,,,,,,,,,,8,3,,20,30,,,,,,,,255/255,45,16–20,4,,,*,ARCHERY,10,,,,2025-12-26,https://uo.com/wiki/ultima-online-wiki/items/artifact-collections/artifacts-doom-gauntlet/,-,,,,,,,,,,,,,
Bracelet of Health,腕輪,,,,,,,,,,,,,,,,,,,,,,,,,,,,,,,,,,,,,,,,,,,,,,,,,,,,,5,10,,,,,,,,,,,,,,,,,,,,,,,,,,,,,,,,,,,,,,,,,,,,,,,,,,,,,,,,,,,,,2025-12-26,https://uo.com/wiki/ultima-online-wiki/items/artifact-collections/artifacts-doom-gauntlet/,[ARTIFACT RARITY 11],,,,,,,,,,,,,
Breath of the Dead,,,,,,,,,,,,,,,,,100,,,,,,,,,,,50,,,,,,,,,,,,,,,,,,25,100,,,,,,,,,,,,,,,,,,,,,,,,,,,,,,,,,,,,,,,,,,5,,,,,,,,,,,,,,,255/255,25,12-16,3,,*,,SWORDSMANSHIP,,,,,2025-12-26,https://uo.com/wiki/ultima-online-wiki/items/artifact-collections/artifacts-doom-gauntlet/,[ARTIFACT RARITY 11],,,,,,,,,,,,,
Divine Countenance,頭,,,,,,,,,,,,,,,,,,,,,,,,,,,,,,,,,,,,,,,,,,,,,,,,,,,,,,,,8,,,8,,,,,,,,2,,,,,,,,15,,8,6,9,4,25,,,,,,,,,,,,,,,,,,,,,,255/255,10,,,,,,,,,,,2025-12-26,https://uo.com/wiki/ultima-online-wiki/items/artifact-collections/artifacts-doom-gauntlet/,[ARTIFACT RARITY 11],,,,,,,,,,,,,
Frostbringer,,,,,,,,,,,,,,,,,,,100,,,,,,,,,50,,,,,,,,,,,,,,,50,,,,,,,,,,,,,,,,,,,,,,,,,,,,,,,,,,,,,,,,,,,,,,,,,,10,,,,,,,,,,,255/255,30,17-21,4.25,,,*,ARCHERY,10,,,,2025-12-26,https://uo.com/wiki/ultima-online-wiki/items/artifact-collections/artifacts-doom-gauntlet/,[ARTIFACT RARITY 11],,,,,,,,,,,,,
Gauntlets of Nobility,手,,,,,,,,,,,,,,,,,,,,,,,,,,,20,,,,,,,,,,,,,,,,,,,,,,,,,,,,,,,,,,,100,,,,,,,,,,,,,,,18,3,1,20,3,,,,,,,,,,,,8,,,,,,,,,,255/255,40,,,,,,,,,,,2025-12-26,https://uo.com/wiki/ultima-online-wiki/items/artifact-collections/artifacts-doom-gauntlet/,[ARTIFACT RARITY 11],,,,,,,,,,,,,
Glenda,,,,,,,,,*,,,,,,,,100,,,,,,,,,,,100,,,,,,,,,,,,,,,,,,,,,,70,,,20,,,,,,,,,,,,,,,,,,,,,,,,,,,,,,,,,,,,,,,,,16,,,,,,,,,,255/255,40,10–14,2.5,,*,,MACE FIGHTING,,,,,2025-12-26,https://uo.com/wiki/ultima-online-wiki/items/artifact-collections/artifacts-doom-gauntlet/,-,,,,,,,,,,,,,
Hat of the Magi,頭,,,,,,,,,,,,,,,,,,,,,,,,,,,,,,,,,,,,,,,,,,,,,,,,,,,,,,,,8,,,,,,,,,,,4,,,,,,,,,,,5,9,20,20,,,,,,,10,,,,,,,,,,,,,,,255/255,10,,,,,,,,,,マギ帽,2025-12-26,https://uo.com/wiki/ultima-online-wiki/items/artifact-collections/artifacts-doom-gauntlet/,[ARTIFACT RARITY 11],,,,,,,,,,,,,
Helm of Insight,,,,,,,,,,,,,,,,,,,,,,,,,,,,,,,,,,,,,,,,,,,,,,,,,,,,,,,,,8,,,8,,,,,,15,,2,,,,,,,,,,5,3,2,3,17,,,,,,,,,,,,,,,,,,,,,,255/255,80,,,,,,,,,,,2025-12-26,https://uo.com/wiki/ultima-online-wiki/items/artifact-collections/artifacts-doom-gauntlet/,[ARTIFACT RARITY 11],,,,,,,,,,,,,
Holy Knight’s Breastplate,,,,,,,,,,,,,,,,,,,,,,,,,,,,,,,,,,,,,,,,,,,,,,,,,,,,,,10,,,,,,,,,,,,,,,,,,,,,,15,,35,3,2,3,2,,,,,,,,,,,,,,,,,,,,,,255/255,95,,,,,,,,,,,2025-12-26,https://uo.com/wiki/ultima-online-wiki/items/artifact-collections/artifacts-doom-gauntlet/,[ARTIFACT RARITY 11],,,,,,,,,,,,,
Hunter’s Headdress,,,,,,,,,,,,,,,,,,,,,,,,,,,,,,,8,,,,,,,,,,15,,,,,,,,,,,,,,,,,,,,,,,,,,,,,*,,,,,,,,2,6,23,1,7,,,,,,,,,,,,,,,,,,,,,,255/255,10,,,,,,,,,,,2025-12-26,https://uo.com/wiki/ultima-online-wiki/items/artifact-collections/artifacts-doom-gauntlet/,[ARCHERY +20,ARTIFACT RARITY 11],,,,,,,,,,,,
Jackal’s Collar,首,,,,,,,,,,,,,,,,,,,,,,,,,,,,,,15,,,,,,,,,,,,,,,,,,,,,,,,2,,,,,,,,,,,,,,,,,,,,,,,5,23,17,3,2,,,,,,,,,,,,,,,,,,,,,,255/255,45,,,,,,,,,,,2025-12-26,https://uo.com/wiki/ultima-online-wiki/items/artifact-collections/artifacts-doom-gauntlet/,[ARTIFACT RARITY 11],,,,,,,,,,,,,
Legacy of the Dread Lord,,,,,,,,,,,,,,,,,100,,,,,,,,,,,50,,,,,,3,,,,,,,,,,,,,,,,,,,,,,,,,,,,,,,,,,,,,,,,,,,,,,,,,,,,,,*,,,,,,,,30,,,,,,,,255/255,45,17-20,3.75,,,,SWORDSMANSHIP,,,,,2025-12-26,https://uo.com/wiki/ultima-online-wiki/items/artifact-collections/artifacts-doom-gauntlet/,[ARTIFACT RARITY 10],,,,,,,,,,,,,
Leggings of Bane,足,,,,,,,,,,,,,,,,,,,,,,,,,,,,,,,,,,,,,,,,20,,,,,,,,,,,,,,,,,,,,,,,,,,,,,,,,,,,,,4,4,4,36,2,,,,,,,,,,8,,,,,,,,,,,,255/255,60,,,,,,,,,,,2025-12-26,https://uo.com/wiki/ultima-online-wiki/items/artifact-collections/artifacts-doom-gauntlet/,[ARTIFACT RARITY 11],,,,,,,,,,,,,
Midnight Bracers,腕,,,,,,,,,,,,,,,,,,,,,,,,,,,,,,,,,,,,,,,,,,,,,,,,,,,,,,,,,,,,,,,*,,,,,,,,,,,,,,23,3,4,2,4,,,,,,,10,,,,,,,,,,,,,,,255/255,55,,,,,,,,,,ネクロ腕,2025-12-26,https://uo.com/wiki/ultima-online-wiki/items/artifact-collections/artifacts-doom-gauntlet/,[NECROMANCY +20,ARTIFACT RARITY 11],,,,,,,,,,,,
Ornament of the Magician,,,,,,,,,,,,,,,,,,,,,,,,,,,,,,,,,,3,2,,,,,,,,,,,,,,,,,,,,,,,,,10,20,,,,,,,,,,,,,,,,,,,,,15,,,,,,,,,,,,,,,,,,,,,,,,,,,,,,,,,,2025-12-26,https://uo.com/wiki/ultima-online-wiki/items/artifact-collections/artifacts-doom-gauntlet/,[ARTIFACT RARITY 11],,,,,,,,,,,,,
Ornate Crown of the Harrower,,,,,,,,,,,,,,,,,,,,,,,,,,,,25,,,,,,,,,,,,,,,,,,,,,,,,,,,2,,,,,,,,,,,,,,,,,,,,,,,3,3,4,17,4,,,,,,,,,,,3,,,,,,,,,,,255/255,20,,,,,,,,,,,2025-12-26,https://uo.com/wiki/ultima-online-wiki/items/artifact-collections/artifacts-doom-gauntlet/,[ARTIFACT RARITY 11],,,,,,,,,,,,,
Ring of the Elements,指輪,,,,,,,,,,,,,,,,,,,,,,,,,,,,,,,,,,,,,,,,,,,,,,,,,,,,,,,,,,,,,,100,,,,,,,,,,,,,,,,16,16,16,16,,,,,,,,,,,,,,,,,,,,,,,,,,,,,,,,,,2025-12-26,https://uo.com/wiki/ultima-online-wiki/items/artifact-collections/artifacts-doom-gauntlet/,[ARTIFACT RARITY 11],,,,,,,,,,,,,
Ring of the Vile,指輪,,,,,,,,,,,,,,,,,,,,,,,,,,,,,,8,,,,,,,,,,15,,,,,,,,,,,,,,,,,,,,,,,,,,,,,,,,,,,,,,,,20,,,,,,,,,,,,6,,,,,,,,,,,,,,,,,,,,,,,2025-12-26,https://uo.com/wiki/ultima-online-wiki/items/artifact-collections/artifacts-doom-gauntlet/,[ARTIFACT RARITY 11],,,,,,,,,,,,,
Scholar’s Halo,,,,,,,,,,,,,,,,,,,,,,,,,,,,,,,,,,,1,,,,,,,,,,,,,,,,,,,,,,,,,10,,,,,,15,,2,,,,,,,,,,15,15,15,15,15,,,,,,,15,,,,,,,,,,,,,,,255/255,10,,,,,,,,,,,2025-12-26,https://uo.com/wiki/ultima-online-wiki/items/artifact-collections/artifacts-doom-gauntlet/,-,,,,,,,,,,,,,
Serpent’s Fang,,,,,,,,,,,,,,,,,25,,,75,,,,,,,,50,,,,,,,,,,,100,,15,,,,,,,,,,,,,,,,,,,,,,,,,,,,,,,,,,,,,,,,15,,,,,,,,,,,,,,,,,,,,,,,255/255,10,10-12,2,,*,,FENCING,,,,,2025-12-26,https://uo.com/wiki/ultima-online-wiki/items/artifact-collections/artifacts-doom-gauntlet/,-,,,,,,,,,,,,,
Shadow Dancer Leggings,足,,,,,,,,,,,,,,,,,,,,,,,,,,,,,,,,,,,,,,,,,,,,,,,,,,,,,,,,,,,,,,,,,,,,,,,,,,,,,17,4,3,18,18,,,,,,,,,,,,,,,,,,,,,,255/255,20,,,,,,,,,,,2025-12-26,https://uo.com/wiki/ultima-online-wiki/items/artifact-collections/artifacts-doom-gauntlet/,[STEALING +20,STEALTH +20,ARTIFACT RARITY 11],,,,,,,,,,,
Spirit of the Totem,,,,,,,,,,,,,,,,,,,,,,,,,,,,,,,,,,,,,,,,,15,,,,,,,,,,,,,,,,,,,,,,,,,,,,,,,,,,,15,,20,3,8,4,4,,,,,,,,,,,,20,,,,,,,,,,255/255,10,,,,,,,,,,,2025-12-26,https://uo.com/wiki/ultima-online-wiki/items/artifact-collections/artifacts-doom-gauntlet/,[ARTIFACT RARITY 11],,,,,,,,,,,,,
Staff of the Magi,,,,,,,,,,,,,,,,,,,,,100,,,,,,,50,,,,,,,1,,,,,,,,,,,,,,,,,,,,,,,,,,,,,,0,,,,,,,,,,,,,,,,,,,,,,,*,,,,,,,,,,,,,,,,255/255,35,13-16,2.75,,,*,MACE FIGHTING,,,,,2025-12-26,https://uo.com/wiki/ultima-online-wiki/items/artifact-collections/artifacts-doom-gauntlet/,[ARTIFACT RARITY 11],,,,,,,,,,,,,
The Beserker’s Maul,,,,,,,,,,,,,,,,,100,,,,,,,,,,,50,,,,,,,,,,,,,,,,,,,,,,,,,,,,,,,,,,,,,,,,,,,,,,,,,,,,,,,,,,,,,,,,,,,,75,,,,,,,,255/255,45,14-18,3.5,,*,,MACE FIGHTING,,,,,2025-12-26,https://uo.com/wiki/ultima-online-wiki/items/artifact-collections/artifacts-doom-gauntlet/,[ARTIFACT RARITY 11],,,,,,,,,,,,,
The Deceiver,,,,,,,,,,,,,,,,,100,,,,,,,,,,,75,,,,,,,,,,,,75,,,,,,,,,20,20,,,,,,30,,,,8,,,,,,,,,,,,,,,,,,,,,,,,,,,20,,,,,,,,,,,,,,,,,255/255,40,16–19,3.5,,,*,SWORDSMANSHIP,,,,,2025-12-26,https://uo.com/wiki/ultima-online-wiki/items/artifact-collections/artifacts-doom-gauntlet/,-,,,,,,,,,,,,,
The Dragon Slayer,,,,,,,,,,,,,,,,,,,,,100,,,,,,,50,,,,,,,,,,,,,,,,,,,,,,,,,,,,,,,,,,,110,,,,,,,,,,,,,,,,20,,,,,,,,,,,,,,,,,,,,*,,,,,255/255,95,18-22,4.25,,*,,FENCING,,,,,2025-12-26,https://uo.com/wiki/ultima-online-wiki/items/artifact-collections/artifacts-doom-gauntlet/,[ARTIFACT RARITY 11,DRAGON SLAYER],,,,,,,,,,,,
The Dryad Bow,,,,,,,,,,,,,,,,,100,,,,,,,,,,,35,,,,,,,,,,,,,,,,,,,,,,,,,,,,,,,,,,,,,,,,,,,,,,,,,,,,,15,,,,5,,,,,,,,,,,50,,,,,,,,255/255,30,17-21,4.25,,,*,ARCHERY,10,,,,2025-12-26,https://uo.com/wiki/ultima-online-wiki/items/artifact-collections/artifacts-doom-gauntlet/,[RANDOM SKILL +5 OR +10,ARTIFACT RARITY 11],,,,,,,,,,,,
The Taskmaster,,,,,,,,,,,,,,,,,,,,100,,,,,,,,50,,,5,,,,,,,,100,,15,,,,,,,,,,,,,,,,,,,,,,,,,,,,,,,,,,,,,,,,,,,,,,,,,,,,,,,,,,,,,,,255/255,45,10-14,2.5,,*,,FENCING,,,,,2025-12-26,https://uo.com/wiki/ultima-online-wiki/items/artifact-collections/artifacts-doom-gauntlet/,[ARTIFACT RARITY 10],,,,,,,,,,,,,
Tunic of Fire,胴,,,,,,,,,,,,,,,,,,,,,,,,,,,,,,,,,,,,,,,,,,,,,,,,,,,,,,,,,,,,,,,,,,,,,*,,,,,,15,,24,34,4,1,2,,,5,,,,,,,,,,,,,,,,,,,255/255,60,,,,,,,,,,,2025-12-26,https://uo.com/wiki/ultima-online-wiki/items/artifact-collections/artifacts-doom-gauntlet/,[ARTIFACT RARITY 11],,,,,,,,,,,,,
Voice of the Fallen King,首,,,,,,,,,,,,,,,,,,,,,,,,,,,,,,,,,,,,,,,,,,,,,,,,,,,,,,5,,,,,,,,,,,,,,,,,,,,,,,2,4,18,3,18,,,,,,,,,,,3,8,,,,,,,,,,255/255,20,,,,,,,,,,,2025-12-26,https://uo.com/wiki/ultima-online-wiki/items/artifact-collections/artifacts-doom-gauntlet/,[ARTIFACT RARITY 11],,,,,,,,,,,,,
Anon’s Boots,靴,,,,,,,,,,,,,,,,,,,,,,,,,,,,,10,,,,,,,,,,,-5,,,,,,,,,,,,,,,,,,,,,,,,,,,,,,,,,,,,,,,,,,,,,,,,,,,,,,,,,,,,,,,255/255,10,,,,,,,,,,,2025-12-26,https://uo.com/wiki/ultima-online-wiki/items/artifact-collections/artifacts-eodon/,-,,,,,,,,,,,,,
Anon’s Spellbook,,,,,,,,,,,,,,,,,,,,,,,,,,,,,,,,,,,,,,,,,,,,,,,,,,,,,,,,,8,,,10,10,,,,,,,,,,,,,,,,,,,,,,,,,,,,15,,,,,,,,,,,,,,,,,,,,,,,,,,,2025-12-26,https://uo.com/wiki/ultima-online-wiki/items/artifact-collections/artifacts-eodon/,[MAGERY +15,DINOSAUR SLAYER EODON TRIBE SLAYER OR MYRMIDEX SLAYER],,,,,,,,,,,,
Balakai’s Shaman Staff,,,,,,,,,,,,,,,,,100,,,,,,,,,,,,,,,,25,,,,,,,,,,,,,,,,,,,,,,,,,,,,,,,,0,,,,,,,,,,,,,,,,,,,,,,,*,,,,,,,,,,,,,,,,255/255,5,11–15,2.75,,*,,MACE FIGHTING,,,,,2025-12-26,https://uo.com/wiki/ultima-online-wiki/items/artifact-collections/artifacts-eodon/,[MEDITATION +10,case human],,,,,,,,,,,,
Enhantress’ Cameo,タリス,,,,,,,,,,,,,,,,,,,,,,,,,,,20,,,,,,,,,,,,,10,,,,,,,,,,,,,,2,,,,,,,,,,,,,,,,,,,,,,,,,,,,,,,,,,,,,,,1,,5,,,,,,,,255/255,,,,,,,,,,,,2025-12-26,https://uo.com/wiki/ultima-online-wiki/items/artifact-collections/artifacts-eodon/,[RANDOM SUPER SLAYER],,,,,,,,,,,,,
Grugor’s Shield,,,,,,,,,,,,,,,,,,,,,,,,,,,,,,,,,,,,,,,,,,,,,,,,,,,,,,,5,,,,,,,,,,,,,,,,,,,,,,,4,4,4,4,4,,,,,,,,,,10,,10,,10,,,,,,,,255/255,,,,,,,,,,,,2025-12-26,https://uo.com/wiki/ultima-online-wiki/items/artifact-collections/artifacts-eodon/,[PARRY +10,EODON TRIBE PROTECTION +60%],,,,,,,,,,,,
Halawa’s Hunting Bow,,,,,,,,,,,,,,,,,100,,,,,,,,,,,,,,,,,,,,,,,,20,,,,,,,,,,,,20,,,,,,,,,,,,,,,,,,,,,,,,,,,,,,,,,,,,,,,,,,,45,,,,60,,,,255/255,35,,3.25,,,*,ARCHERY,10,,,,2025-12-26,https://uo.com/wiki/ultima-online-wiki/items/artifact-collections/artifacts-eodon/,[EODON SLAYER,case human],,,,,,,,,,,,
Hawkwind’s Robe,ローブ,,,,,,,,,,,,,,,,,,,,,,,,,,,,,,,,,,,,,,,,,,,,,,,,,,,,,,,,,,,10,10,,,,,,,2,,,,,,,,,,,,,,,,,,,,,5,,,,,,,,,,,,,,,255/255,10,,,,,,,,,,,2025-12-26,https://uo.com/wiki/ultima-online-wiki/items/artifact-collections/artifacts-eodon/,-,,,,,,,,,,,,,
Jumu’s Sacred Hide,,,,,,,,,,,,,,,,,,,,,,,,,,15,,20,,,,,,1,,,,,,,,,,,,,,,,,,,,,,,,,,,,,,,,,,,,,,,,,,,,,5,,,,,,,,,,5,,,,,,,,,,,,,,,255/255,10,,,,,,,,,,,2025-12-26,https://uo.com/wiki/ultima-online-wiki/items/artifact-collections/artifacts-eodon/,-,,,,,,,,,,,,,
Juo’nar’s Grimoire,,,,,,,,,,,,,,,,,,,,,,,,,,,,,,,,,,,,,,,,,,,,,,,,,,,,,,,,,8,,,10,10,,,,,,,,,,,,,,,,,,,,,,,,,,,,15,,,,,,,,,,,,,,,,,,,,,,,,,,,2025-12-26,https://uo.com/wiki/ultima-online-wiki/items/artifact-collections/artifacts-eodon/,[NECROMANCY +15,RANDOM SUPER SLAYER],,,,,,,,,,,,
Lerei’s Hunting Spear,,,,,,,,,,,,,,,,,,,,100,,,,,,,,60,,,,,,,,,,,,,20,10,,,,,,,,,,,80,,,,,,,,,,,,,,,,,,,,,,,,,,,,,,,,,,,,,,,,,,,30,,,,,,,,255/255,50,,2.75,,,*,,,,,,2025-12-26,https://uo.com/wiki/ultima-online-wiki/items/artifact-collections/artifacts-eodon/,[REPTILE SLAYER,case human,SKILLE REQUIRED: FENCING],,,,,,,,,,,
Minax’s Sandals,靴,,,,,,,,,,,,,,,,,,,,,,,,,,,,,,,,,,,,,,,,,,,,,,,,,,,,,,,,,,,5,10,,150,,,,,,,,,,,,,,,,,,,,,,,,,,,,,,,,,,,,,,,,,255/255,10,,,,,,,,,,,2025-12-26,https://uo.com/wiki/ultima-online-wiki/items/artifact-collections/artifacts-eodon/,[RANDOM RESIST -3%],,,,,,,,,,,,,
Mocapotl’s Obsidian Sword,,,,,,,,,,,,,,,,,100,,,,,,,,,,,75,,,,,,,,,,,,,,,,,,50,,,,,,,,,,100,,,,,,,,,,,,,,,,,,,,,,,,,,,,,,,,,,,20,,,,,40,,,,,,,,255/255,85,20–24,5,,,*,SWORDSMANSHIP,,,,,2025-12-26,https://uo.com/wiki/ultima-online-wiki/items/artifact-collections/artifacts-eodon/,[HIT PHYSICAL AREA 50%],,,,,,,,,,,,,
Ozymandias’ Obi,,,,,,,,,,,,,,,,,,,,,,,,,,,,,,,,,,,,,,,,,,,,,,,,,,,,,,,,,,,,,,,,,,,,,,,,,,,,,,,,,,,,,,,,,,,,10,2,10,,,,,,,,,,255/255,10,,,,,,,,,,,2025-12-26,https://uo.com/wiki/ultima-online-wiki/items/artifact-collections/artifacts-eodon/,-,,,,,,,,,,,,,
Shanty’s Waders,,,,,,,,,,,,,,,,,,,,,,,,,,,,,,-5,,,,,,,,,,,10,,,,,,,,,,,,,,,,,,,,,,,,,,,,,,,,,,,,,,,,,,,,,,,,,,,,,,,,,,,,,,,255/255,10,,,,,,,,,,,2025-12-26,https://uo.com/wiki/ultima-online-wiki/items/artifact-collections/artifacts-eodon/,-,,,,,,,,,,,,,
Totem of the Tribe,,,,,,,,,,,,,,,,,,,,,,5,,,,,,,,5,,,,,,,,,,,5,,,,,,,,,,,,,,2,,,,,,,,,,,,,,,,,,,,,,,,,,,,,,,,,,,,,,,,,,,,,,,,,255/255,,,,,,,,,,,,2025-12-26,https://uo.com/wiki/ultima-online-wiki/items/artifact-collections/artifacts-eodon/,-,,,,,,,,,,,,,
Wamap’s Bone Earrings,,,,,,,,,,,,,,,,,,,,,,,,,,,,,,,,,,,,,,,,,,,,,,,,,,,,,,,,,,,,,,,,,,,,,,,,40,,,,,,,,,,,,,,,,,,,,,,,,,,,,,,,,255/255,,,,,,,,,,,,2025-12-26,https://uo.com/wiki/ultima-online-wiki/items/artifact-collections/artifacts-eodon/,[Eodon Creatures,case human,—,—,—,—,—,(EARRINGS ON A GARGOYLE BEING THE EQUIVALENT OF THE HEAD SLOT ON OTHER RACES’ ARMOR)],,,,,,
Alchemist’s Abomination,,,,,,,,,,,,,,,,,,,,,,,,,,,,,,15,,,25,3,2,,,,,,,,,,,,,,,,,,,,,,,,,16,,,,,,,,,,,,,,,,,,,,,,,,,,,,,,,,,,,,,,,,,,,,,,,,1,,,,,,,,2025-12-26,https://uo.com/wiki/ultima-online-wiki/items/artifact-collections/artifacts-events/,[Event:Alchemist’s Abomination Champion Spawn],,,,,,,,,,,,,
Ankh of Devotion,,,,,,,,,,,,,,,,,,,,,,,,,,,,,,,,,,,,,,,,,,,,,,,,,,,,,,,,,,,,,,,,,,,,,,,,,,,,,,,,,,,,,,,,,,,,,,,,,,,,,,,,,,,,,,,,,,,,2025-12-26,https://uo.com/wiki/ultima-online-wiki/items/artifact-collections/artifacts-events/,[Event:Treasures of the Shattered Sanctum,PROVIDES TELEPORTATION TO SHRINES IN TRAMMEL FELUCCA AND TOKUNO],,,,,,,,,,,,
Ankou’s Soulbinder,,,,,,,,,,,,,,,,,,,,,,,,,,,,,,,,,,,1,,,,,,,,,,,,,,,,,,,,,,,,,8,,,,,,2,,,,,,,,,,,,,,,,,,,,,,,,,,,,,,,,,,,,,,255/255,10,,,,,,,,,,,2025-12-26,https://uo.com/wiki/ultima-online-wiki/items/artifact-collections/artifacts-events/,[Event:Rifted Crown,SHARD BOUND],,,,,,,,,,,,
Artio’s Vine Wrap,,,,,,,,,,,,,,,,,,,,,,,,,,,,,,,,,,1,,,,,,,,,,,,,,,,,,,,,,,,,,,,,,,,5,,2,,,,,,,,,,,,,,,,,,,,,,,,,,,,,,,,,,,,,,,,1,,,,,,,,2025-12-26,https://uo.com/wiki/ultima-online-wiki/items/artifact-collections/artifacts-events/,[Event:Spring Fever Champion Spawn],,,,,,,,,,,,,
Artisan’s Esteem,,,,,,,,,,,,,,,,,,,,,,,,,,,,,,20,,,25,3,,,,,,,,,,,,,,,,,,,,,,,,,,,,,,,,,,,,,,,,,,,,,,,,,,,,,,,15,,,,,,,,,,,,,,,,,,,1,,,,,,,,2025-12-26,https://uo.com/wiki/ultima-online-wiki/items/artifact-collections/artifacts-events/,[Event:Treasures of Wildfire,EVALUATE INTELLIGENCE +20],,,,,,,,,,,,
Azarok’s Legplates,,,,,,,,,,,,,,,,,,,,,,,,,,,,20,,,5,,,,,,,,,,,,,,,,,,,,,,,4,,,5,,,8,,,,,,8,,,,,,,,,,,,15,15,15,15,15,,,,,,,,,,8,,,,,,,,,,,,255/255,,,,,,,,,,,,2025-12-26,https://uo.com/wiki/ultima-online-wiki/items/artifact-collections/artifacts-events/,[Event:Treasures of the Shattered Sanctum,HEALING 15%,SHARD BOUND],,,,,,,,,,,
Balron Bone Armor  ,,,,,,,,,,,,,,,,,,,,,,,,,,,,,,,5,,,,,,,,,,,,,,,,,,,,,,,5,,,5,,,8,,,,,,8,,,,,,,,,,,,15,15,15,15,15,,,,,,,,,,8,,5,,,,,,,,,,255/255,40,,,6,,,,,,,,2025-12-26,https://uo.com/wiki/ultima-online-wiki/items/artifact-collections/artifacts-events/,[Event:Treasures of Demonic Forces, Shrouded Sails,SHARD BOUND],,,,,,,,,,,
Batlin’s Inner Voice,,,,,,,,,,,,,,,,,,,,,,,,,,,,,,10,,,,,,,,,,,,,,,,,,,,,,,,,2,,,,,,,,,,,,,2,,,,,,,,,,,,,,,,,,,,,,,,,3,,,,,,,,,,,,,,,,,,,,,,,2025-12-26,https://uo.com/wiki/ultima-online-wiki/items/artifact-collections/artifacts-events/,[Event:Black Gate Champion Spawn,RESIST (RANDOM) 10%],,,,,,,,,,,,
Berserker’s Bardiche,,,,,,,,,,,,,,,,,,,,,,,,,,,,,,,,,,,,,,,,,,,,,,,,,,,,,,,,,,,,,,,,,,,,,,,,,,,,,,,,,,,,,,,,,,,,,,,,,,,,,,,,,,,,,,,,,,,,2025-12-26,https://uo.com/wiki/ultima-online-wiki/items/artifact-collections/artifacts-events/,[Event:Ophidian War,OPHIDIAN SLAYER,PLUS RANDOM PROPERTIES],,,,,,,,,,,
Berserker’s Scythe,,,,,,,,,,,,,,,,,100,,,,,,,,,,,50,,,,,,,,,,,,,,,,,,,35,,,,,,,,,,,,,,,,,,,,,,,,,,,,,,,,,,,,,,,,,,,,,,,,,,,,,,,,,255/255,45,15–18,3.5,5,,*,SWORDSMANSHIP,,,,,2025-12-26,https://uo.com/wiki/ultima-online-wiki/items/artifact-collections/artifacts-events/,[Event:Warriors of Destiny,ARTIFACT RARITY 12,DEMON SLAYER],,,,,,,,,,,
Blackheart Baubles,,,,,,,,,,,,,,,,,,,,,,,,,,,,,,,,,,,,,,,,,,,,,,,,,,,,,,,3,,4,,,8,20,,125,,,8,,3,,,,,,,,,,15,15,15,15,15,,,,,,,15,,,,,,,,,,,,,,,255/255,,,,1,,,,,*,,,2025-12-26,https://uo.com/wiki/ultima-online-wiki/items/artifact-collections/artifacts-events/,[Event:Shrouded Sails,GARGISH EARRING,SHARD BOUND],,,,,,,,,,,
Bogling Hide Mukluks,,,,,,,,,,,,,,,,,,,,,,,,,,,,,,,2,,,,,,,,,,,,,,,,,,,,,,,,,,2,,,,,,,,,,,,,,,,,,,,,,,,,,,,,,,,,,,,,2,,,,,,,,,,255/255,10,,,1,,,,,,,,2025-12-26,https://uo.com/wiki/ultima-online-wiki/items/artifact-collections/artifacts-events/,[Event:Counterfeit Commodities Champion Spawn],,,,,,,,,,,,,
Boots of Escaping,,,,,,,,,,,,,,,,,,,,,,,,,,,,,,,4,,,,,,,,,,,,,,,,,,,,,,,,,,,,,,,,,,,,,,,,,,,,,,,,,,,,,,,,,,,,,,1,,,,,,,,,,,,,,,,,,,,,,,2025-12-26,https://uo.com/wiki/ultima-online-wiki/items/artifact-collections/artifacts-events/,[Event:Treasures of: Doom, Sorcerer’s Dungeon, Kotl City, Khaldun, Archlich],,,,,,,,,
Bulwark of Light,,,,,,,,,,,,,,,,,,,,,,,,,,,,30,,20,,,,,1,,,,,,,,,,,,,,,,,,,5,,,,,,5,,,,,,,,4,,,,,,,,,,,,,,,,,,,,,,,,,,,,10,,,,,,,,,,,,,,,,,,,,2025-12-26,https://uo.com/wiki/ultima-online-wiki/items/artifact-collections/artifacts-events/,[Event:Shadow’s Awakening,HEATER SHIELD/ LARGE PLATE SHIELD,HEALING BONUS 10%],,,,,,,,,,,
Bulwark of Shadows,,,,,,,,,,,,,,,,,,,,,,,,,,,,,,,,,,1,,,,,,,,,,,,,,,,,,,,,3,,,,,8,15,,,,,,,3,,,,,,,,,,,,,,,,,,30,,*,,,,,,,,,,,,,,,,,,,,,,,,,,,,2025-12-26,https://uo.com/wiki/ultima-online-wiki/items/artifact-collections/artifacts-events/,[Event:Shadow’s Awakening,CHAOS SHIELD/ GARGISH CHAOS SHIELD],,,,,,,,,,,,
Carved Bone Relic from Holmes,,,,,,,,,,,,,,,,,,,,,,,,,,,,,,,,,15,,,,,,,,,,,,,,,,,,,,,,,,,,,,,,,,,,,,,,,,,,,,,,,,,,,,,,,,,,,,,,,,,,,,,,,255/255,,,,1,,,,,,,,2025-12-26,https://uo.com/wiki/ultima-online-wiki/items/artifact-collections/artifacts-events/,[Event:Treasures of Wildfire and Counterfeit Commodities,VORPAL BUNNY SUMMONING,ANATOMY +20],,,,,,,,,,,
Chaos Shield (Vanguard),,,,,,,,,,,,,,,,,,,,,,,,,,,,,,10,,,,,,,,,,,,,,,,,,,,,,,,,,,,,,,,,,,,,,,,,,,,,,10,,,,,,,,,5,,,,,,,,,,,,,,,,,,,VARIABLE,95,,,5,,,,,,,,2025-12-26,https://uo.com/wiki/ultima-online-wiki/items/artifact-collections/artifacts-events/,[Event:Warriors of Destiny,VARIABLE RESISTS (PHYSICAL OVER 10 ALL OTHERS BELOW 10 )],,,,,,,,,,,,
Cingulum of Juo’nar,,,,,,,,,,,,,,,,,,,,,,,,,,,,,,,,,,,1,,,,,,,,,,,,,,,,,,,5,,,,,,,,,,,,,,,,,,,,,,,,,,,,,,,,,,,5,,,,,,,,,,,,,,,255/255,10,,,2,,,,,,,,2025-12-26,https://uo.com/wiki/ultima-online-wiki/items/artifact-collections/artifacts-events/,[Event:Treasure of the Archlich,APRON,GARGOYLE ONLY,NECROMANCY +5],,,,,,,,,,
Cloak of Corruption,ローブ,,,,,,,,,,,,,,*,,,,,,,,,,,,,,,,,,,,,,,,,,,,,,,,,,,,,,,,,,,,,,,,,,,,,,,,,,,,,,,,,,,,,,,,,,,,,,,,,,,,,,,,,,,,,,,,,,,,,2025-12-26,https://uo.com/wiki/ultima-online-wiki/items/artifact-collections/artifacts-events/,[Event:Warriors of Destiny,DRAINS HIT POINTS MANA STAMINA AND KARMA],,,,,,,,,,,,
Cloak Of Death,,,,,,,,,,,,,,,,,,,,,,,,,,,,,,3,,,,,,,,,,,3,,,,,,,,,,,,,,,,,,,,,,,,,,,,,,,,,,,,,,,,,,,,,,,,3,,,,,,,,,,,,,,,,10,,,2,,,,,,,,2025-12-26,https://uo.com/wiki/ultima-online-wiki/items/artifact-collections/artifacts-events/,[Event:Warriors of Destiny],,,,,,,,,,,,,
Cloak Of Life,,,,,,,,,,,,,,,,,,,,,,,,,,,,,,,,,,,,,,,,,,,,,,,,,,,,,,3,1,,,,,,,,,,,,,,,,,,,,,,,,,,,,,,,,,,,,,,,,,,,,,,,,,,10,,,2,,,,,,,,2025-12-26,https://uo.com/wiki/ultima-online-wiki/items/artifact-collections/artifacts-events/,[Event:Warriors of Destiny],,,,,,,,,,,,,
Cloak Of Light,,,,,,,,,,,,,,,,,,,,,,,,,,,,,,,,,,,,,,,,,5,,,,,,,,,,,,,,2,,,,,,,,,,,,,,,*,,,,,,,,,,,,,,,,,,,,,,,,,,,,,,,,,,,,,,,,,,,,,,2025-12-26,https://uo.com/wiki/ultima-online-wiki/items/artifact-collections/artifacts-events/,[Event:Treasures of Doom, Treasures of Fey Wrath],,,,,,,,,,,,
Cloak Of Power,,,,,,,,,,,,,,,,,,,,,,,,,,,,,,,2,,,,,,,,,,,,,,,,,,,,,,,,,,2,,,,,,,,,,,,,,,,,,,,,,,,,,,,,,,,,,,,,2,,,,,,,,,,,10,,,2,,,,,,,,2025-12-26,https://uo.com/wiki/ultima-online-wiki/items/artifact-collections/artifacts-events/,[Event:Warriors of Destiny],,,,,,,,,,,,,
Cloak Of Silence,,,,,,,,,,,,,,,,,,,,,,,,,,,,,,,,,,,,,,,,,,,,,,,,,,,,,,,,,,,,,,,,,,,,,,,,,,,,,,,,,,,,,,,,,,,,,,,,,,,,,,,,,10,,,2,,,,,,,,2025-12-26,https://uo.com/wiki/ultima-online-wiki/items/artifact-collections/artifacts-events/,[Event:Warriors of Destiny and Counterfeit Commodities,STEALTH +10],,,,,,,,,,,,
Codex of Shadows,,,,,,,,,,,,,,,,,,,,,,,,,,,,,,,,,,2,,,,,,,,,,,,,,,,,,,,,,,,,,5,10,,,,,,,,,,,,,,,,,,,,,,,,,,,,,,,,,,,,,,,,,,,,,,,,,,,,,,,2025-12-26,https://uo.com/wiki/ultima-online-wiki/items/artifact-collections/artifacts-events/,[Event:Shadow’s Awakening,SPELLBOOK,MAGERY +20,MEDITATION +20],,,,,,,,,,
Conjurer’s Garb,,,,,,,,,,,,,,,,,,,,,,,,,,,,,,5,,,,,,,,,,,,,,,,,,,,,,,,,,,,,,,,,140,,,,,2,,,,,,,,,,,,,,,,,,,,,,,,,,,,,,,,,,,,,10,,,3,,,,,,,,2025-12-26,https://uo.com/wiki/ultima-online-wiki/items/artifact-collections/artifacts-events/,[Event:Halloween 2009],,,,,,,,,,,,,
Conjurer’s Grimoire,,,,,,,,,,,,,,,,,,,,,,,,,,,,,,,,,,,,,,,,,,,,,,,,,,,,,,,,,8,,,10,,,,,,,,,,,,,,,,,,,,,,,,,,,,,15,,,,,,,,,,,,,,,,,,,,,,,,,,,2025-12-26,https://uo.com/wiki/ultima-online-wiki/items/artifact-collections/artifacts-events/,[Event:Halloween 2008,CONJURER’S GRIMOIRE,BLESSED,MAGERY +15,UNDEAD SLAYER,SPELLS 0],,,,,,,,
Conjurer’s Trinket,,,,,,,,,,,,,,,,,,,,,,,,,,,,20,,,,,,,,,,,,,10,,,,,,,,,,,,,,2,,,,,,,,,,,,,,,,,,,,,,,,,,,,,,,,,,,,,,,1,,,,,,,,,,,10,,,,,,,,,,,2025-12-26,https://uo.com/wiki/ultima-online-wiki/items/artifact-collections/artifacts-events/,[Event:Halloween 2008, Treasures of the Feudal Lands, Treasures of the Shattered Sanctum,UNDEAD SLAYER],,,,,,,,,,
Corrupted Paladin Vambraces,,,,,,,,,,,,,,,,,,,,,,,,,,,,,,,5,,,,,,,,,,,,,,,,,,,,,,,,4,,,,,8,,,,,,10,,4,,,,,,,,,,15,15,15,15,15,,,,,,,,,,10,4,5,,,,,,,,,,255/255,80,,,5,,,,,,,,2025-12-26,https://uo.com/wiki/ultima-online-wiki/items/artifact-collections/artifacts-events/,[Event:Treasures of the Archlich, Treasures of the Shattered Sanctum,PLATE ARMS],,,,,,,,,,,
Corsair’s Insignia,,,,,,,,,,,,,,,,,,,,,,,,,,,,20,,,,,,,,,,,,,10,,,,,,,,,,,,,,2,,,,,,,,,,,,,,,,,,,,,,,,,,,,,,,,,,,,,,,1,,,,,,,,,,,,,,1,,,,,,,,2025-12-26,https://uo.com/wiki/ultima-online-wiki/items/artifact-collections/artifacts-events/,[Event:Shrouded Sails,REPOND SLAYER,SHARD BOUND],,,,,,,,,,,
Crook of Humility,,,,,,,,,,,,,,,,,,,,,,,,,,,,-20,,,,,,,,,,,,,,,,,,,,,,,,,,,,,10,,,,,,,,,,,,,,,,,,,,,,,,,,,,,,,*,,,,,,,,,,,,,,,,,,,,,,,,,,,,2025-12-26,https://uo.com/wiki/ultima-online-wiki/items/artifact-collections/artifacts-events/,[Event:Treasures of Doom,VETERINARY +10,WOLF SLAYER],,,,,,,,,,,
Cultist’s Ritual Tome,,,,,,,,,,,,,,,,,,,,,,,,,,,,,,5,,,,2,,,,,,,,,,,,,,,,,,,,,,,,,,4,,,,,,,,,,,,,,,,,,,,,,,,,,,,,25,,,,,,,,,,,,,,,,,,,,,,,,,,,2025-12-26,https://uo.com/wiki/ultima-online-wiki/items/artifact-collections/artifacts-events/,[Event:Treasures of Khaldun,MAGERY SPELLBOOK,CADDELLITE INFUSED,SLAYER (RANDOM)],,,,,,,,,,
Defiler of Virtue,,,,,,,,,,,,20,,,,,,,,80,,,,,,,,60,,,,,,,1,,,,,,,,,,,,,50,,30,,,,,,,,,,,,,,,,,,,,,,,,,,,,,,,,,,,,,,,,,,,2,,,25,,,,,,,,255/255,25,11–13,2.5,,*,,SWORDSMANSHIP,,,,,2025-12-26,https://uo.com/wiki/ultima-online-wiki/items/artifact-collections/artifacts-events/,[Event:In the Shadow of Virtue,FEY SLAYER],,,,,,,,,,,,
Defiler’s Grasp,,,,,,,,,,,,,,,,,,,,,,,,,,,,,,,,,,,,,,,,,,,,,,,,,,,,,,,,,,,,,,,150,,,,,,,,,,,,,,,,,,,,,,,,,,,,,,,,,,,,,,,,,,,,,,,,,,,,,2025-12-26,https://uo.com/wiki/ultima-online-wiki/items/artifact-collections/artifacts-events/,[Event:Eclipsed Dawn,BELT,RANDOM EATER 5%,RANDOM RESIST (MATCHES EATER) 10%],,,,,,,,,,
Deathforged Claymore,,,,,*,,,,,,,,,,,,,100,,,,,,,,,,30,,,,,,,,,70,,,,,,,70,,,100,,,70,,,100,,,100,,,,,,,,,,,,,,,,,,,,,,,,,,,,,,,,,,,,,,,,60,,,,,,,,255/255,85,20–24,5,6,,*,SWORDSMANSHIP,,,,,2025-12-26,https://uo.com/wiki/ultima-online-wiki/items/artifact-collections/artifacts-events/,[Event:Treasures of the Shattered Sanctum,SHARD BOUND],,,,,,,,,,,,
Deathwarden’s Greaves,,,,,,,,,,,,,,,,,,,,,,,15,,,,,,,,,,,,,,,,,,,,,,,,,,,,,,,5,,,,,,10,20,,,,,12,,4,,,,,,,,,,15,15,15,15,15,,,,,,,8,,,,,5,,,,,,,,,,255/255,20,,,,,,,,,,,2025-12-26,https://uo.com/wiki/ultima-online-wiki/items/artifact-collections/artifacts-events/,[Event:Treasures of the Shattered Sanctum,SHARD BOUND],,,,,,,,,,,,
Divinum Luminous,,,,,,,,,,,,,,,,,,,,,,,,,,,,20,,10,,,,,,,,,,,10,,,,,,,,,,,,,,,,,,,,,,100,,,,,,,,,,,,,15,,,,,,,,,,,,,,,,,,,,,,,,,,,,255/255,,,,1,,,,,,,,2025-12-26,https://uo.com/wiki/ultima-online-wiki/items/artifact-collections/artifacts-events/,[Event:Treasures of the Archlich,TALISMAN],,,,,,,,,,,,
Divine Sanctifier,,,,,,,,,,,,,,,,,100,,,,,,,,,,,50,,,,,,,,,,,,,,,,70,,,100,70,,50,,,100,,,50,,,,,,,,,,,,,,,,,,,,,,,,,,,,,,,,,,,,,,,,,,,,,,,,255/255,45,13–17,3.25,9,*,,MACE FIGHTING,,,,,2025-12-26,https://uo.com/wiki/ultima-online-wiki/items/artifact-collections/artifacts-events/,[Event:Treasures of the Feudal Lands,case human],,,,,,,,,,,,
Dreadguard Talisman,,,,,,,,,,,,,,,,,,,,,,,,,,,,,,10,,,,,,,,,,,5,,,,,,,,,,,,,,,,,,,,,,,,,,,,,,,,,,,,,,,,,,,,,,,,,,,,,,,5,,,,,,,,255/255,,,,,,,,,,,,2025-12-26,https://uo.com/wiki/ultima-online-wiki/items/artifact-collections/artifacts-events/,[Event:Rifted Crown,RANDOM SLAYER,SHARD BOUND],,,,,,,,,,,
Drogeni’s Spell Book,,,,,,,,,,,,,,,,,,,,,,,,,,,,,,15,,,25,3,1,,,,,,,,,,,,,,,,,,,,,,,,,,,,,,,,,,,,,,,,,,,,,,,,,,,,,,15,,,,,,,,,,,,,,,,,,,,,,,,,,,2025-12-26,https://uo.com/wiki/ultima-online-wiki/items/artifact-collections/artifacts-events/,[Event:Tears of the Ice Dragon and Counterfeit Commodities,MAGERY +20,SPELLS 64],,,,,,,,,,,
Drusilla’s Athame,,*,,,,,,,,,,,,,,,50,,50,,,,,,,,,20,,,,,,,1,,,,,,,,,,,,,,,,,,,,,,,,,,,,,,,,,,,,,,,,,,,,,,,,,,,,,*,25,,,,,,,,,,,,,,,,10,10–12,2,,*,,FENCING,,,,,2025-12-26,https://uo.com/wiki/ultima-online-wiki/items/artifact-collections/artifacts-events/,[Event:Treasures of Wildfire,FLAME SLAYER],,,,,,,,,,,,
Dupre’s Sigil,,,,,,,,,,,,,,,,,,,,,,,,,,,,20,,10,,,,,,,,,,,10,,,,,,,,,,,,,,,,,,,,,,,,,,,,,,,,,,,20,,,,,,,,,,,,,,,,,,,,,,,,,*,,,255/255,,,,1,,,,,,,,2025-12-26,https://uo.com/wiki/ultima-online-wiki/items/artifact-collections/artifacts-events/,[Event:Draconic Awakening,SHARD BOUND],,,,,,,,,,,,
Ember of Wildfire,,*,,,,,,,,,,,,,,,,100,,,,,,,,,,50,,,,,,,,,70,,,,,,,,,,,,,,,,40,,,40,,,,,,,,,,,,,,,,,,,,,,,,,,,,*,,,,,,,,,,,,25,,,,,,,,,60,16–20,4,8,*,,THROWING,11,*,,,2025-12-26,https://uo.com/wiki/ultima-online-wiki/items/artifact-collections/artifacts-events/,[Event:Treasures of Wildfire],,,,,,,,,,,,,
Enchiridion of Blackthorn,,,,,,,,,,,,,,,,,,,,,,,,,,,,,,,,,,,1,,,,,,,,,,,,,,,,,,,,,,,,,,10,,,,,,,3,,,,,,,,,,,,,,,,,,,,,50,,,,,,,,,,,,,,,,,,,,,,,,,,,2025-12-26,https://uo.com/wiki/ultima-online-wiki/items/artifact-collections/artifacts-events/,[Event:Rifted Crown,BLESSED,SHARD BOUND,SPELLS 64],,,,,,,,,,
Expor Malas Flamus,,,,,,,,,,,,,,,,,100,,,,,,,,,,,30,,,,,,,,,70,,,,,,,,,,100,,50,,,,100,,,100,,,,,,,,,,,,,,,,,,,,,,,,,,,,*,,,,,,,,,,,,,,,,,,,,255/255,40,14–17,3,4,,*,SWORDSMANSHIP,,,,,2025-12-26,https://uo.com/wiki/ultima-online-wiki/items/artifact-collections/artifacts-events/,[Event:Treasures of the Archlich,case human,HUMAN VERSION- BLADED STAFF,BOTH WEAPONS],,,,,,,,,,
Feudal Cloak of Elements/Wing Armor,,,,,,,,,,,,,,,,,,,,,,,,,,,,,,,,,,,,,,,,,,,,,,,,,,,,,,,2,,,,,,,,150,,,,,2,,,,,,,,,,,,,,,,,,,,,,,,,3,,,,,,,,,,,255/255,10,,,4,,,,,,,,2025-12-26,https://uo.com/wiki/ultima-online-wiki/items/artifact-collections/artifacts-events/,[Event:Treasures of the Feudal Lands,RANDOM EATER & MATCHING RESIST 15%],,,,,,,,,,,,
Feudal Ghostwalkers,,,,,,,,,,,,,,,,,,,,,,,,,,,,,,,,,,,,,,,,,,,,,,,,,,,,,,,,,,,,,,,,,,,,,,*,,,,,,,,,,,,,,,,,,,,,,,,,,,,,,,,,,255/255,10,,,2,,,,,,,,2025-12-26,https://uo.com/wiki/ultima-online-wiki/items/artifact-collections/artifacts-events/,[Event:Treasures of the Feudal Lands,STEALTH +5,HIDING +5],,,,,,,,,,,
Feudal Kabuto,,,,,,,,,,,,,,,,,,,,,,,,,,,,,,,,,,,,,,,,,,,,,,,,,,,,,,,,,,,,,,,,,,,,,,,,,,,,,,5,3,3,2,2,,,,,,,,,,,,,,,,,,,,,,255/255,80,,,5,,,,,,,,2025-12-26,https://uo.com/wiki/ultima-online-wiki/items/artifact-collections/artifacts-events/,[Event:Treasures of the Feudal Lands,THIS ITEM CAN BE A TRANSMOGRIFICATION TARGET],,,,,,,,,,,,
First Aid Belt,,,,,,,,,,,,,,,,,,,,,,,,,,,,,,,,,,,,,,,,,,,,,,,,,,,,,,,,,,,,,,,,,,,,,,,,,,,,,,,,,,,,,,,,,,,,,,,,,,,,,,50,,,,,,,,,,,,,,2025-12-26,https://uo.com/wiki/ultima-online-wiki/items/artifact-collections/artifacts-events/,[Event:Treasures of Khaldun, Forest of the Dark, The Archlich, Treasures of the Shattered Sanctum,HOLDS UP TO 1000 BANDAGES,HIT POINT REGEN +2,BANDAGE HEALING BONUS (WHILE EQUIPPED) 10%],,,,,,,
Fortune’s Visage ,,,,,,,,,,,,,,,,,,,,,,,,,,,,,,,,,,,,,,,,,,,,,,,,,,,,,,5,4,,,,,8,,,250,*,,,,,,,,,,,,,,15,15,15,15,15,,,,,,,,,,,,,,,,,,,,,,255/255,30,,,5,,,,,,,,2025-12-26,https://uo.com/wiki/ultima-online-wiki/items/artifact-collections/artifacts-events/,[Event:,SHARD BOUND],,,,,,,,,,,,
Frostguard,,,,,,,,,,,,,,,,,,,,,,,,,5,,,,,,,,,,,,,,,,,,,,,,,,,,,,,,,,,,,5,,,,,,,,1,,,,,,,,,,,,3,,,,,,,,,,,,,,,,,,,,,,,,,,,,1,,,,,,,,2025-12-26,https://uo.com/wiki/ultima-online-wiki/items/artifact-collections/artifacts-events/,[Event:In the Shadow of Virtue],,,,,,,,,,,,,
Gargish Kilt of the Archlich,,,,,,,,,,,,,,,,,,,,,,,,15,,,,,,,,,,,,,,,,,,,,,,,,,,,,,,5,3,,5,,,10,20,,,,,8,,3,,,,,,,,,,15,15,15,15,15,,,,,,,,,,,,5,,,,,,,,,,,,,,10,,,,,,,,2025-12-26,https://uo.com/wiki/ultima-online-wiki/items/artifact-collections/artifacts-events/,[Event:Treasures of the Archlich, Treasures of the Shattered Sanctum],,,,,,,,,,,,
Gargish Kilt of the Holy Warrior,,,,,,,,,,,,,,,,,,,,,,,,,,,,,,,,,,,,,,,,,,,,,,,,,,,,,,5,,,5,,,8,,,,,,15,,,,,,,,,,,,15,15,15,15,15,,,,,,,,,,10,,5,,,,,,,,,,255/255,80,,,,,,,,*,,,2025-12-26,https://uo.com/wiki/ultima-online-wiki/items/artifact-collections/artifacts-events/,[Event:Treasures of the Feudal Lands, Draconic Awakening,CHIVALRY +15,NECROMANCY – 30,REACTIVE HOLY LIGHT 10%],,,,,,,,,
Gauntlets of Virtue Bane,腕,,,,,,,,,,,,,,,,,,,,,,,,,,,,,,,,,,,,,,,,,,,,,,,,,,,,,5,,,,,,10,,,,*,,,,,,,,,,,,20,,18,6,6,18,6,,,,,,,,,,,,,,,,,,,,,,255/255,55,,,2,,,,,,,,2025-12-26,https://uo.com/wiki/ultima-online-wiki/items/artifact-collections/artifacts-events/,[Event:In the Shadow of Virtue,SPELL CONSUMPTION: 1],,,,,,,,,,,,
General Lethe’s Epaulettes,,,,,,,,,,,,,,,,,,,,,,,,,,,,,,,,,,1,,,,,,,,,,,,,,,,,,,,,,,,,,,10,,,,,8,,1,,,,,,,,,,,,,,,,,,,,,,,,,,,,,,,,,,,,,,,,,,,,,,,,2025-12-26,https://uo.com/wiki/ultima-online-wiki/items/artifact-collections/artifacts-events/,[Event:Treasures of The Undead Lords, the Archlich,SHARD BOUND],,,,,,,,,,,
General Lethe’s Tabard,,,,,,,,,,,,,,,,,,,,,,,,,,,,,,,,,,1,,,,,,,,,,,,,,,,,,,,,,,,,,,10,,,,,,,1,,,,,,,,,,,,,,,,,,,,,,,,,,,,,,,,,,,,,10,,,3,,,,,,,,2025-12-26,https://uo.com/wiki/ultima-online-wiki/items/artifact-collections/artifacts-events/,[Event:Treasures of the Shattered Sanctum,SHARD BOUND],,,,,,,,,,,,
Gloves of the Archlich,,,,,,,,,,,,,,,,,,,,,,,,15,,,,,,,,,,,,,,,,,,,,,,,,,,,,,,5,3,,5,,,10,20,,,*,,8,,3,,,,,,,,,,15,15,15,15,15,,,,,,,,,,,,5,,,,,,,,,,255/255,55,,,2,,,,,,,,2025-12-26,https://uo.com/wiki/ultima-online-wiki/items/artifact-collections/artifacts-events/,[Event:Treasures of the Archlich, Treasures of the Shattered Sanctum,BONE GLOVES],,,,,,,,,,,
Gloves of the Holy Warrior,,,,,,,,,,,,,,,,,,,,,,,,,,,,,,,,,,,,,,,,,,,,,,,,,,,,,,5,,,5,,,8,,,,,,15,,,,,,,,,,,,15,15,15,15,15,,,,,,,,,,10,,5,,,,,,,,,,255/255,70,,,2,,,,,,,,2025-12-26,https://uo.com/wiki/ultima-online-wiki/items/artifact-collections/artifacts-events/,[Event:Treasures of the Feudal Lands, Draconic Awakening,CHIVALRY +15,NECROMANCY – 30,REACTIVE HOLY LIGHT 10%],,,,,,,,,
Grimoire of Nature,,,,,,,,,,,,,,,,,,,,,,,,,,,,,,10,,,,2,,,,,,,,,,,,,,,,,,,,,,,,,,5,,,,,,,,,,,,,,,,,,,,,,,,,,,,,30,,,,,,,,,,,,,,,,,,,,,,,,,,,2025-12-26,https://uo.com/wiki/ultima-online-wiki/items/artifact-collections/artifacts-events/,[Event:Treasures of Fey Wrath,FEY SLAYER,SPELL 64],,,,,,,,,,,
Grim Reaper’s Scythe,,,,,,,,,,,,,,,,,100,,,,,,,,,,,50,,,,,,,,,,,,,,,,,,25,100,,,,,,,,,,,,,,,,,,,,,,,,,,,,,,,,,,,,,,,,,,5,,,,,,,,,,,,,,,255/255,45,15–18,3.5,5,,*,SWORDSMANSHIP,,,,,2025-12-26,https://uo.com/wiki/ultima-online-wiki/items/artifact-collections/artifacts-events/,[Event:Halloween 2006,ARTIFACT RARITY 11],,,,,,,,,,,,
Hexweaver’s Idol,,,,,,,,,,,,,,,,,,,,,,,,,,,,,,10,,,,,,,,,,,5,,,,,,,,,,,,,3,,,,,,,,,,,,,,,,,,,,,,,,,,,,,,,,,,,8,,,,,,,,,,,,*,,,255/255,,,,1,,,,,,,,2025-12-26,https://uo.com/wiki/ultima-online-wiki/items/artifact-collections/artifacts-events/,[Event:Draconic Awakening,SHARD BOUND],,,,,,,,,,,,
Hexweaver’s Visage (helm or gargish glasses),,,,,,,,,,,2,,,,,,,,,,,,,,,,,,,,,,,,,,,,,,,,,,,,,,,,,,,5,,,5,,,8,20,,,*,,8,,,,,,,,,,,,15,15,15,15,15,,,,,,,5,,,,,5,,,,,,,,,,,,,,,,,,,,,,2025-12-26,https://uo.com/wiki/ultima-online-wiki/items/artifact-collections/artifacts-events/,[Event:Draconic Awakening,SHARD BOUND],,,,,,,,,,,,
Inavlis’s Burchete,,,,,,,,,,,,,,,,,,,,,,,,,,,,,,,,,,,,,,,,,,,,,,,,,,,,,,,,,,,,,,,,,,,,,,,,,,,,,,,,,,,,,,,,,,,,,,,,,,,,,,,,,,,,,,,,,,,,2025-12-26,https://uo.com/wiki/ultima-online-wiki/items/artifact-collections/artifacts-events/,[Event:Ophidian War,TERATHAN SLAYER PLUS RANDOM PROPERTIES],,,,,,,,,,,,
In Corp Mani Xen,,,,,,,,,,,,,,,,,,,,,,,,,,,,20,,,,,,,,,,,,,10,,,,,,,,,,,,,,2,,,,,,,,,,,,,,,,,,,,,,,,,,,,,,,,,,,,,,,1,,,,,,,,,,,,,,1,,,,,,,,2025-12-26,https://uo.com/wiki/ultima-online-wiki/items/artifact-collections/artifacts-events/,[Event:Treasures of Fey Wrath,FEY SLAYER],,,,,,,,,,,,
Jade Snake Head,,,,,,,,,,,,,,,,,,,,,,,,,,5,,,,,,,,,,,,,,,,,,,,,,,,,,,,,,,,,,5,,,,,,,,,,,,,,,,,,,,,3,,,,,,,,,,,,2,,,,,,,,,,,,,,,1,,,,,,,,2025-12-26,https://uo.com/wiki/ultima-online-wiki/items/artifact-collections/artifacts-events/,[Event:In the Shadow of Virtue],,,,,,,,,,,,,
Katakotl’s Ring,,,,,,,,,,,,,,,,,,,,,,,,,,,,,,,,,,,,,,,,,,,,,,,,,,,,,,,5,,,,,,,,,,,,,3,,,,,,,,,,,,,,,,,,,,,20,,,,,,,,,,,,,,,,,,,,,,,,,,,2025-12-26,https://uo.com/wiki/ultima-online-wiki/items/artifact-collections/artifacts-events/,[Event:Treasures of: Kotl City and The Undead Lords,RESISTING SPELLS 10,MEDITATION +10,MAGERY NECROMANCY BUSHIDO CHIVALRY NINJITSU OR MYSTICISM +20,(SKILL CAN BE SELECTED BY THE PLAYER)],,,,,,,,,
Kaelvok’s Cincture,,,,,,,,,,,,,,,,,,,,,,,,,,,,,,,,,,,,,,,,,5,,,,,,,,,,,,,3,,,,,,,,,,,,,,,,,,,,,,,,,,,,,,,,,,,,,,,,5,,5,,,,,,,,255/255,10,,,,,,,,,,,2025-12-26,https://uo.com/wiki/ultima-online-wiki/items/artifact-collections/artifacts-events/,[Event:Treasures of the Shattered Sanctum,HUMAN WEIGHT 3 STONES; GARGOYLE 2 STONES,SHARD BOUND],,,,,,,,,,,
Lantern of Shadows,,,,,,,,,,,,,,,,,,,,,,,,,,,,,,,,,,,,,,,,,,,,,,,,,,,,,,,,,,,,,,,,,,,,,,,,,,,,,,,,,,,,,,,,,,,,,,,,,,,,,,,,,,,,,,,,,,,,2025-12-26,https://uo.com/wiki/ultima-online-wiki/items/artifact-collections/artifacts-events/,[Event:Shadow’s Awakening,PREFIXED WITH PLAYER’S NAME,COMMON AND RARE HUES],,,,,,,,,,,
Libram of the Stormy Seas,,,,,,,,,,,,,,,,,,,,,,,,,,,,,,,,,,1,1,,,,,,,,,,,,,,,,,,,,,,,,,5,,,,,,,,,,,,,,,,,,,,,,,,,,,,,30,,,,,,,,,,,,,,,,,,,,,,,,,,,2025-12-26,https://uo.com/wiki/ultima-online-wiki/items/artifact-collections/artifacts-events/,[Event:Shrouded Sails,BLESSED,REPOND SLAYER,SHARDBOUND,SPELLS 64],,,,,,,,,
Locket Of Winter,,,,,,,,,,,,,,,,,,,,,,,,,,,,,,,,,,,,,,,,,,,,,,,,,,,,,,,,,,,,,,,,,,,,,,,,,,,,,,,,,,,,,,,,,,,,,,,,,,,,,,,,,,,,,,,,,,,,2025-12-26,https://uo.com/wiki/ultima-online-wiki/items/artifact-collections/artifacts-events/,[Event:Tears of the Ice Dragon,ICE SLAYER,GIANT ICE WORM SUMMONER],,,,,,,,,,,
Lord Morphius’s Epaulettes,,,,,,,,,,,,,,,,,,,,,,,,,,,,,,,,,,,,,,,,,,,,,,,,,,,,,,,,,,,,3,,,,,,,,,,,,,,,,,,,,,,,,,,,,,,,,8,2,,,10,,,,,,,,,,,,,,,,,,,,2025-12-26,https://uo.com/wiki/ultima-online-wiki/items/artifact-collections/artifacts-events/,[Event:Treasures of The Undead Lords, the Arch Lich,SHARD BOUND],,,,,,,,,,,
Lord Morphius’s Tabard,,,,,,,,,,,,,,,,,,,,,,,,,,,,,,,,,,,,,,,,,,,,,,,,,,,,,,,,,,,,3,,,,,,,,,,,,,,,,,,,,,,,,,,,,,,,,8,2,,,10,,,,,,,,,10,,,3,,,,,,,,2025-12-26,https://uo.com/wiki/ultima-online-wiki/items/artifact-collections/artifacts-events/,[Event:Treasures of the Shattered Sanctum],,,,,,,,,,,,,
Mantle of the Archlich,,,,,,,,,,,,,,,,,,,,,,,,,,,,,,,,,,,1,,,,,,,,,,,,,,,,,,,,,,,,,,,,,,,,,,,,,,,,,,,,,,,,,,,,,,8,,,,,,,,,,,,,,,255/255,10,,,,,,,,,,,2025-12-26,https://uo.com/wiki/ultima-online-wiki/items/artifact-collections/artifacts-events/,[Event:Treasures of the archlich, Treasures of the Shattered Sanctum,RESISTING SPELLS +10],,,,,,,,,,,
Mark of the Destroyer,,,,,,,,,,,,,,,,,,,,,,,,,,,,,,,,,,,,,,,,,,,,,,,,,,,,,,10,2,,,,,,,,,,,,,2,,,,,,,,,,,,,,,,,,,,,,,,,,,,,,,,,,,,,10,,,1,,,,,,,,2025-12-26,https://uo.com/wiki/ultima-online-wiki/items/artifact-collections/artifacts-events/,[Event:Horrors of the Dark Champion Spawn, Shrouded Sails],,,,,,,,,,,,
Mark of Wildfire,,,,,,,,,,,,,,,,,,,,,,,,,,,,,,,,,,,,,,,,,,,,,,,,,,,,,,,,,,,,10,25,,250,,,10,,,,,,,,,,,,15,,,,,,,,,,,,,,,,,,,,,,,,,,255/255,10,,,2,,,,,,,,2025-12-26,https://uo.com/wiki/ultima-online-wiki/items/artifact-collections/artifacts-events/,[Event:Treasures of Wildfire],,,,,,,,,,,,,
Mask of Khal Ankur,,,,,,,,,,,,,,,,,,,,,,,,,,,,,,,,,35,,,,,,,,,,,,,,,,,,,,,10,,,,,,10,,,,,,10,,,,,,,,,,,,,,,,,,,,,,,,,,,,,,,,,,,,,,,,,,,,,,,,,,2025-12-26,https://uo.com/wiki/ultima-online-wiki/items/artifact-collections/artifacts-events/,[Event:Treasures of: Khaldun, The Undead Lords, The Archlich,CADDELLITE INFUSED,ALL RESISTS 15%,METEOR BREATH CHARGES: 1,CAN CAST “METEOR SWARM” WHEN USED,INTERRUPTABLE,MANA REAGENT & SKILL CHECK FREE,MINUTE RECHARGE TIME WHEN WORN RESET WHEN UNEQUIPPED 5],,,,
Melissa’s Cloak,,,,,,,,,,,,,,,,,,,,,,,,,,,,,,,,,,,,,,,,,,,,,,,,,,,,,,,,,,,,,,,,,,,,,,,,,,,,,,,5,,,,,,,,,,,,,,,,,,,,,,,,,255/255,10,,,5,,,,,,,,2025-12-26,https://uo.com/wiki/ultima-online-wiki/items/artifact-collections/artifacts-events/,[Event:Warriors of Destiny],,,,,,,,,,,,,
Mordrax’s Compendium,,,,,,,,,,,,,,,,,,,,,,,,,,,,,,,,,,1,1,,,,,,,,,,,,,,,,,,,,,,,,,5,,,,,,,,,,,,,,,,,,,,,,,,,,,,,30,,,,,,,,,,,,,,,,,,,,,,,,,,,2025-12-26,https://uo.com/wiki/ultima-online-wiki/items/artifact-collections/artifacts-events/,[Event:Treasures of the Shattered Sanctum,BLESSED,UNDEAD SLAYER,SHARD BOUND,SPELLS 64],,,,,,,,,
Mordrax’s Tome,,,,,,,,,,,,,,,,,,,,,,,,,,,,,,,,,,,1,,,,,,,,,,,,,,,,,,,,,,,,,,10,,,,,,,3,,,,,,,,,,,,,,,,,,,,,50,,,,,,,,,,,,,,,,,,,,,,,,,,,2025-12-26,https://uo.com/wiki/ultima-online-wiki/items/artifact-collections/artifacts-events/,[Event:Treasures of the Shattered Sanctum,BLESSED,SHARD BOUND,SPELLS 64],,,,,,,,,,
Mushroom Cultivator’s Apron,,,,,,,,,,,,,,,,,,,,,,,,,,,,,,,,,15,,,,,,,,,,,,,,,,,,,,,5,2,,,,,,,,,,,,,,,,,,,,,,,,,,,,,,,,,,,,,,,,,,,,,,,,,,10,,,2,,,,,,,,2025-12-26,https://uo.com/wiki/ultima-online-wiki/items/artifact-collections/artifacts-events/,[Event:Treasures of Fey Wrath, Treasures of the Feudal Lands,ALCHEMY +10],,,,,,,,,,,
Obsidian Blade,,,,,,,,,,,,,,,,,100,,,,,,,,,,,,,,,,,,,,,,,,20,,,,,,10,,,,,,,,,20,,,,,,,,,,,,,,,,,,,,,,,,,,,,,,,,,,,,,,,,,,,,,,,,VARIABLE,35,15–16,3.5,1,*,,SWORDSMANSHIP,,,,,2025-12-26,https://uo.com/wiki/ultima-online-wiki/items/artifact-collections/artifacts-events/,[Event:Warriors of Destiny],,,,,,,,,,,,,
Paladin Fork,,,,,,,,,,,,,,,,,,,,,,,,,,,,30,,,,,,,,,,,,,,,,,,,100,,,50,,,100,,,50,,,,,,,,,,,,,,,,,,,,,,,,,,,,,,,,,,,,,,,,,,,,,,,,255/255,45,10–14,2.5,9,*,,FENCING,,,,,2025-12-26,https://uo.com/wiki/ultima-online-wiki/items/artifact-collections/artifacts-events/,[Event:Eclipsed Dawn,AVAILABLE IN FOUR ELEMENTAL TYPES (AIR WATER EARTH FIRE),ELEMENTAL DAMAGE AIR = ENERGY 100%,WATER = COLD,EARTH = PHYSICAL,FIRE = FIRE,HIT SPELL 70%,AIR/EARTH = HIT LIGHTNING,WATER = HIT HARM,FIRE = HIT FIREBALL],,,,
Paladin Hammer,,,,,,,,,,,,,,,,,,,,,,,,,,,,30,,,,,,,,,,,,,,,,,,,100,,,50,,,100,,,50,,,,,,,,,,,,,,,,,,,,,,,,,,,,,,,,,,,,,,,,,,,,,,,,255/255,65,15–18,3.25,10,,*,MACE FIGHTING,,,,,2025-12-26,https://uo.com/wiki/ultima-online-wiki/items/artifact-collections/artifacts-events/,[Event:Eclipsed Dawn,AVAILABLE IN FOUR ELEMENTAL TYPES (AIR WATER EARTH FIRE),ELEMENTAL DAMAGE 100%,AIR = ENERGY,WATER = COLD,EARTH = PHYSICAL,FIRE = FIRE,HIT AREA SPELL 70%,AIR= ENERGY,WATER = COLD,EARTH = PHYSICAL,FIRE = FIRE],,
Paladin Shield,,,,,,,,,,,,,,,,,,,,,,,,,,,,,,,,,,,,,,,,,15,,,,,,,,,,,,,,,,,,,5,,,,,,5,,,,,,,,,,,,,,,1,,,,,,,,,,,5,,,,,,,,,,,,255/255,20,,,,,,,,,,,2025-12-26,https://uo.com/wiki/ultima-online-wiki/items/artifact-collections/artifacts-events/,[Event:Eclipsed Dawn,AVAILABLE IN FOUR ELEMENTAL TYPES (AIR WATER EARTH FIRE),EATER AND 20% RESIST (MATCHING) 20%,AIR = ENERGY,WATER = COLD,EARTH = PHYSICAL/KINETIC,FIRE = FIRE,CHIVALRY + 10,PARRY +10,REACTIVE CLOSE WOUNDS 30%,CHANCE TO ACTIVATE UPON A SUCCESSFUL,ARRY,POTENCY IS BASED ON WIELDER’S CHIVALRY,KILL]
Petrified Matriarch’s Tongue,,,,,,,,,,,,,,,,,,,,,,,,,,,,,,,,,,2,1,,,,,,10,,,,,,,,,,,,,,,,,,,4,,,,,,,,2,,,,,,,,,,,,,5,,,,,,,,,,,,,,,,,,,,,,,255/255,,,,1,,,,,,,,2025-12-26,https://uo.com/wiki/ultima-online-wiki/items/artifact-collections/artifacts-events/,[Event:In the Shadow of Virtue],,,,,,,,,,,,,
Planeshield,,,,,,,,,,,,,,,,,,,,,,,,,,,,,,,,,,,,,,,,,,,,,,,,,,,,,,,,,,,,,,,,,,,,,,,,,,,,,,,,,,10,,,,,,*,,,,,,,,,,,,,,,,VARIABLE,45,,,7,,,,,,,,2025-12-26,https://uo.com/wiki/ultima-online-wiki/items/artifact-collections/artifacts-events/,[Event:Warriors of Destiny],,,,,,,,,,,,,
Planesword,,,,,,,,,,,,,,,,,50,,,,50,,,,,,,,,,,,,,,,,,,,,,,,,,,10,,,,,,,,,,,,,,,,,,,,,,,,,,,,,,,,,,,,,,,,*,,,,,,,,,,,,,,,,VARIABLE,35,15–16,3.5,7,*,,SWORDSMANSHIP,,,,,2025-12-26,https://uo.com/wiki/ultima-online-wiki/items/artifact-collections/artifacts-events/,[Event:Warriors of Destiny],,,,,,,,,,,,,
Portal Fragment,,,,,,,,,,,,,,,,,,,,,,,,,,,,,,,,,,,,,,,,,,,,,,,,,,,,,,,,,,,,,,,,,,,,,,,,,,,,,,,,,,,,,,,,,,,,,,,,,,,,,,,,,,,,,,,,,,,,2025-12-26,https://uo.com/wiki/ultima-online-wiki/items/artifact-collections/artifacts-events/,[Event:Shadow’s Awakening,COMMON AND RARE HUES],,,,,,,,,,,,
Putrid Shield,,,,,,,,,,,,,,,,,,,,,,,,,,,,,,,,,,,,,,,,,,,,,,,,,,,,,,,,,,,,,,,,,,,,,,,,,,,,,,1,,,,,,,,,,,,,,,,,,,,,,,,,,255/255,95,,,,,,,,,,,2025-12-26,https://uo.com/wiki/ultima-online-wiki/items/artifact-collections/artifacts-events/,[Event:Treasures of the Shattered Sanctum,SHARD BOUND],,,,,,,,,,,,
Ranger’s Cloak of Augmentation,,,,,,,,,,,,,,,,,,,,,,,5,,,,,,,,,,,,,,,,,,,,,,,,,,,,,,,,,,,,,1,,,,,,,,,,,,,,,,,,,,,,,,,,,,,3,,,,,,,5,,,,,,,,,,,,,,,,,,,,2025-12-26,https://uo.com/wiki/ultima-online-wiki/items/artifact-collections/artifacts-events/,[Event:In the Shadow of Virtue \nand Treasures of The Undead Lords\nShrouded Sails],,,,,,,,,,,,,
Relvinian’s Spellbook,,,,,,,,,,,,,,,,,,,,,,,,,,,,,,,,,,,1,,,,,,,,,,,,,,,,,,,,,,,,,,10,,,,,,,3,,,,,,,,,,,,,,,,,,,,,50,,,,,,,,,,,,,,,,,,,,,,,,,,,2025-12-26,https://uo.com/wiki/ultima-online-wiki/items/artifact-collections/artifacts-events/,[Event:Treasures of Demonic Forces,BLESSED,SPELLS 64,SHARD BOUND],,,,,,,,,,
Riftbreaker Quiver,,,,,,,,,,,,,,,,,,,,,,,,,,,,10,10,,3,,,,,,,,,,,,,,,,,,,,,,,,,,,,30,,,,,,,,,,,,,,,,,,,,,,,,,,,,,,,,,5,,,,5,,,,,,30,,,,,,,,,,,,,,2025-12-26,https://uo.com/wiki/ultima-online-wiki/items/artifact-collections/artifacts-events/,[Event:Rifted Crown,AMMO: 0/500 ARROWS,SHARD BOUND,CONTENTS: 0/1 ITEMS 0/50 STONES],,,,,,,,,,
Riftbreaker Wing Armor,,,,,,,,,,,,,,,,,,,,,,,,,,,,10,,,3,,,,,,,,,,,,,,,,,,,,,,,,,,,,,,,,,,,,,,,,,,,,,,,,,,,,,,,,,,,,,5,,,,5,,,,,,,,,10,,,,,,,,*,,,2025-12-26,https://uo.com/wiki/ultima-online-wiki/items/artifact-collections/artifacts-events/,[Event:Rifted Crown,SHARD BOUND],,,,,,,,,,,,
Riftwarden’s Blade,,,,,,,,,,*,,,,,,,,,,100,,,,,,,,,,,,,,,,,,,50,,,,,,,,100,,,50,,,100,,,50,,,,,,,,,,,,,,,,,,,,,,,,,,,,,,,,,,,,,,,,,*,,,,,,,,,,,,*,,,,,,,2025-12-26,https://uo.com/wiki/ultima-online-wiki/items/artifact-collections/artifacts-events/,[Event:Draconic Awakening,FOUR VERSIONS:,GARGISH KATANA LONGSWORD WAR AXE LEAFBLADE,REPTILE SLAYER,SHARD BOUND],,,,,,,,,
Riftwarden’s Eviscerator,,,,,,,,,,*,,,,,,,,,,100,,,,,,,,,,,,,,,,,,,50,,,,,,,,100,,,50,,,100,,,50,,,,,,,,,,,,,,,,,,,,,,,,,,,,,,,,,,,,,,,,,*,,,,,,,,,,,,,*,,,,,,2025-12-26,https://uo.com/wiki/ultima-online-wiki/items/artifact-collections/artifacts-events/,[Event:Draconic Awakening,FOUR VERSIONS:,GARGISH DISC MACE GARGISH TALWAR LAJATANG DOUBLE AXE,REPTILE SLAYER,SHARD BOUND],,,,,,,,,
Riftwarden’s Pendant,,,,,,,,,,,,,,,,,,,,,,,,,,,,,,,,,,,,,,,,,,,,,,,,,,,,,,,,,2,,,5,10,,,,,8,,,,,,,,,,,,,,,,,,,,,,,8,,,,,,,,,,,,,,,255/255,,,,1,,,,,,,,2025-12-26,https://uo.com/wiki/ultima-online-wiki/items/artifact-collections/artifacts-events/,[Event:Draconic Awakening,SHARD BOUND],,,,,,,,,,,,
Riftwarden’s Mangler,,,,,,,,,,*,,,,,,,,,,100,,,,,,,,,,,,,,,,,,,50,,,,,,,,40,,,50,,,40,,,40,,,,,,,,,,,,,,,,,,,,,,,,,,,,,,,,,,,,,,,,,*,,,,,,,255/255,45,12–16,3,6,,*,ARCHERY,10,,,,2025-12-26,https://uo.com/wiki/ultima-online-wiki/items/artifact-collections/artifacts-events/,[Event:Draconic Awakening,case human,MAGICAL SHORT BOW,REPTILE SLAYER,SHARD BOUND],,,,,,,,,
Riftwarden’s Codex,,,,,,,,,,,,,,,,,,,,,,,,,,,,,,,,,,1,1,,,,,,,,,,,,,,,,,,,,,,,,,,,,,,,,,3,,,,,,,,,,,,,,,,,,,,,50,,,,,,,,,,,,,,,,,,,,,,,,,,,2025-12-26,https://uo.com/wiki/ultima-online-wiki/items/artifact-collections/artifacts-events/,[Event:Draconic Awakening,BLESSED,SHARD BOUND,SPELLS 64],,,,,,,,,,
Robe of the Dark Monk,,,,,,,,,,,,,,,,,,,,,,,,6,,,,,,,,,,,,,,,,,,,,,,,,,,,,,,,,,,,,,,,,,,,,,,,,,,,,,,,,,,,,,,,,,6,,,,,,,,,,,,,,,255/255,,,,1,,,,,,,,2025-12-26,https://uo.com/wiki/ultima-online-wiki/items/artifact-collections/artifacts-events/,[Event:Treasures of Wildfire,INCREASED KARMA LOSS 6%],,,,,,,,,,,,
Scabbard of Juo’nar,,,,,,,,,,,,,,,,,,,,,,,,,,,,,,,,,,,1,,,,,,,,,,,,,,,,,,,5,,,,,,,,,,,,,,,,,,,,,,,,,,,,,,,,,,,5,,,,,,,,,,,,,,,255/255,,,,3,,,,,,,,2025-12-26,https://uo.com/wiki/ultima-online-wiki/items/artifact-collections/artifacts-events/,[Event:Treasures of the Archlich,SWORD BELT,NECROMANCY +5],,,,,,,,,,,
Scepter of Pride,,,,,,,,,,,,,,,,,,,,,,,,,,,,,,,,,,,,,,,,,,,,,,,70,,,,,,70,,,70,,,,,,,,,,,,,,,,,,,,,,,,,,,,,,,,,,,,,,,,30,,,,,,,,,,,,,,,,,,,,2025-12-26,https://uo.com/wiki/ultima-online-wiki/items/artifact-collections/artifacts-events/,[Event:Treasures of Doom,DEMON SLAYER,UNDEAD SLAYER],,,,,,,,,,,
Sea Tempest’s Bulwark,,,,,,,,,,,,,,,,,,,,,,,,,,,,,,10,,,,,,,,,,,,,,,,,,,,,,,,,,,,,,,,,,,,,,,,,,,,,,,,,,5,,,,,,30,,*,,,,,,,,,,,,,,,,255/255,20,,,8,,,,,,,,2025-12-26,https://uo.com/wiki/ultima-online-wiki/items/artifact-collections/artifacts-events/,[Event:Shrouded Sails,MAGERY +5,EVALUATE INTELLIGENCE +5,REACTIVE PARALYSE,SHARD BOUND],,,,,,,,,
Sentinel’s Mempo,,,,,,,,,,,,,,,,,,,,,,,,,,,,,,5,4,,,,,,,,,,5,,,,,,,,,,,,,8,,,,,,8,,,,,,,,,,,,,,,,,,15,15,15,15,15,,,,,,,,,,12,,4,,,,,,,,,,255/255,50,,,3,,,,,,,,2025-12-26,https://uo.com/wiki/ultima-online-wiki/items/artifact-collections/artifacts-events/,[Event:Treasures of the Feudal Lands, Draconic Awakening,MANA ICREASE 8],,,,,,,,,,,
Sentinel’s Necklace,,,,,,,,,,,,,,,,,,,,,,,,,,,,,,5,4,,,,,,,,,,5,,,,,,,,,,,,,8,,,,,,8,,,,,,,,,,,,,,,,,,15,15,15,15,15,,,,,,,,,,12,,4,,,,,,,,,,255/255,,,,1,,,,,*,,,2025-12-26,https://uo.com/wiki/ultima-online-wiki/items/artifact-collections/artifacts-events/,[Event:Treasures of the Feudal Lands. Draconic Awakening,MANA ICREASE 8],,,,,,,,,,,,
Serpent’s Bite,,,,,,,,,,,,,,,,,,,,,,,,,,,,,,,,,,,,,,,,,,,,,,,,,,,,,,,,,,,,5,10,,125,,,,,,,*,,,,,,,,,,,,,,,,,,,8,,,,,,,,,,,,,,,255/255,,,,1,,,,,,,,2025-12-26,https://uo.com/wiki/ultima-online-wiki/items/artifact-collections/artifacts-events/,[Event:Treasures of the Feudal Lands],,,,,,,,,,,,,
Serpent Skin Quiver,,,,,,,,,,,,,,,,,,,,,,,,,,,,10,10,,,,,,,,,,,,,,,,,,,,,,,,,,,,,,30,,,,125,,,,,,,,,,,,,,,,,,,,,,,,,,,,,,,,,5,,,,,,30,,,,,,8,,,,,,,,2025-12-26,https://uo.com/wiki/ultima-online-wiki/items/artifact-collections/artifacts-events/,[Event:Treasures of Fey Wrath and Counterfeit Commodities,BLESSED,ANATOMY  +5,AMMO 0/500,CONTENTS 0/1 ITEMS 0/50 STONES],,,,,,,,,
Serpent Skin Wing Armor,,,,,,,,,,,,,,,,,,,,,,,,,,,,10,,,,,,,,,,,,,,,,,,,,,,,,,,,,,,,,,,,125,,,,,,,,,,,,,,,,,,,,,,,,,,,,,,,,,5,,,,,,,,,10,,,2,,,,,,,,2025-12-26,https://uo.com/wiki/ultima-online-wiki/items/artifact-collections/artifacts-events/,[Event:Treasures of Fey Wrath and Counterfeit Commodities,ANATOMY  +5,GARGOYLE ONLY],,,,,,,,,,,
Shadeweaver’s Embrace,,,,,,,,,,,,,,,,,,,,,,10,,,,,,,,,,,,,,,,,,,,,,,,,,,,,,,,8,4,,,,,,,,,,,,,,,,,,,,,,,15,15,15,15,15,,,,,,,,,,,,,,,,,,,,,,255/255,10,,,,,,,,,,,2025-12-26,https://uo.com/wiki/ultima-online-wiki/items/artifact-collections/artifacts-events/,[Event:Rifted Crown,STEALING +20,STEALTH +20,SHARD BOUND],,,,,,,,,,
Shadowbane Tabard,,,,,,,,,,,,,,,,,,,,,,,,,,,,,,10,,,,,,,,,,,10,,,,,,,,,,,,,,,,,,,8,,,,,,,,,,,,,,,,,,,,,,,,,,,,,,,,,,,,,,,,,,,,,,,,,,,,,,,,2025-12-26,https://uo.com/wiki/ultima-online-wiki/items/artifact-collections/artifacts-events/,[Event:Shadow’s Awakening],,,,,,,,,,,,,
Shadow Cloak of Rejuvenation,,,,,,,,,,,,,,,,,,,,,,,,,,,,,,,,,,,,,,,,,,,,,,,,,,,,,,,1,,,,,2,,,,,,,,1,,,,,,,,,,,,,,,,,,,,,,,,,1,,,,,,,,,,,,,,,,,,,,,,,2025-12-26,https://uo.com/wiki/ultima-online-wiki/items/artifact-collections/artifacts-events/,[Event:In the Shadow of Virtue],,,,,,,,,,,,,
Shadows Fury,,,,,,,,,,,,,,,,,,,,,100,,,,,,,30,,,,,,,,,,,,70,,,,,,,50,,50,,,,50,,,50,,,,,,,,,,,,,,,,,,,,,,,,,,,,,,,,,,,,,,,,30,,,,,,,,255/255,,,,,,,,,,,,2025-12-26,https://uo.com/wiki/ultima-online-wiki/items/artifact-collections/artifacts-events/,[Event:Shadow’s Awakening,COMPOSITE BOW/SOUL GLAIVE],,,,,,,,,,,,
Shadow Master’s Talisman,,,,,,,,,,,,,,,,,,,,,,,,,,,,,,10,,,,,,,,,,,,,,,,,,,,,,,,,3,,,,,,,,,,,,,3,,,,,,,,,,,,,,,,,,,,,,,,,,,,,,,,,,,,,,,,1,,,,,,,,2025-12-26,https://uo.com/wiki/ultima-online-wiki/items/artifact-collections/artifacts-events/,[Event:Treasures of the Shattered Sanctum,STEALTH +10,NINJITSU +10,SHARD BOUND],,,,,,,,,,
Shadow Reaver’s Cloak,,,,,,,,,,,,,,,,,,,,,,,,15,,,,,,,,,,,,,,,,,,,,,,,,,,,,,,,,,,,,,,,125,,,,,2,,,,,,,,,,,,,,,,,,,,,6,,,,,,,,,,,,,,,255/255,10,,,4,,,,,,,,2025-12-26,https://uo.com/wiki/ultima-online-wiki/items/artifact-collections/artifacts-events/,[Event:Treasures of the Shattered Sanctum,MEDITATION +10,SHARD BOUND],,,,,,,,,,,
Shugenja’s Raiment,,,,,,,,,,,,,,,,,,,,,,,,,,,,,,,,,,1,,,,,,,,,,,,,,,,,,,,5,3,,5,,,8,20,,,*,,,,3,,,,,,,,,,15,15,15,15,15,,,,,,,5,,,,,,,,,,,,,,,255/255,40,,,8,,,,,*,,,2025-12-26,https://uo.com/wiki/ultima-online-wiki/items/artifact-collections/artifacts-events/,[Event:Human Version,HUMAN VERSION\tGARGOYLE VERSION],,,,,,,,,,,,
Shugenja’s Wand,,,,,,,,,,,,,,,,,100,,,,,,,,,,,,,,,,,2,,,,,,,,,,,,,,,,,,,,,,,,,,,,,,,0,,,10,,,,,,,,,,,,,,,,,,,,*,,,,,,,,,,,,,,,,255/255,2,11–15,2.75,1,*,,MACE FIGHTING,,,,,2025-12-26,https://uo.com/wiki/ultima-online-wiki/items/artifact-collections/artifacts-events/,[Event:Treasures of the Feudal Lands],,,,,,,,,,,,,
Silver Branch Bow,,,,,*,,,,,*,,,,,,,,100,,,,,,,,,,25,,,,,,,,,,,,,10,,,,,,40,35,,,,,40,,,,,,,,,,,,,,,,,,,,,,,,,,,,,,,,,,,,,,,,,,,,,,,,,,,255/255,,13–17,3.25,8,,,ARCHERY,10,,,,2025-12-26,https://uo.com/wiki/ultima-online-wiki/items/artifact-collections/artifacts-events/,[Event:Treasures of Fey Wrath,SHARDBOUND,STRENGTH REQUIRED 35,HANDED WEAPON 2],,,,,,,,,,
Silver Tipped Cyclone,,,,,*,,,,,*,,,,,,,,100,,,,,,,,,,25,,,,,,,,,,,,,10,,,,,,40,35,,,,,40,,,,,,,,,,,,,,,,,,,,,,,,,,,,,,,,,,,,,,,,,,,,,,,,,,,255/255,,13–17,3.25,6,,,THROWING,9,*,,,2025-12-26,https://uo.com/wiki/ultima-online-wiki/items/artifact-collections/artifacts-events/,[Event:Treasures of Fey Wrath,STRENGTH REQUIRED 40,HANDED WEAPON 1],,,,,,,,,,,
Solaria’s Secret Poisons,,,,,,,,,,,,,,,,,,,,,,,,,,,,,,,,,,,,,,,,,10,,,,,,,,,,,,,,,,,,,,,,,,,,,,,,,,,,,,,15,18,15,18,15,,,,,,,,,,,,,,,,,,,,,,,,,,,,,,,,,,2025-12-26,https://uo.com/wiki/ultima-online-wiki/items/artifact-collections/artifacts-events/,[Event:Treasures of Wildfire, Treasures of Fey Wrath, Treasures of the Shattered Sanctum,BOTH VERSIONS:,NINJITSU +10,GARGOYLE VERSION ONLY:],,,,,,,,
Spell Focusing Sash,,,,,,,,,,*,,,,,,,,,,,,,,,,,,,,5,,,,,,,,,,,,,,,,,,,,,,,,,,,,,,,,,,,,1,,,,,,,,,,,,,,,,,,,,,,,,*,,,,,,,,,,,,,,255/255,10,,,1,,,,,,,,2025-12-26,https://uo.com/wiki/ultima-online-wiki/items/artifact-collections/artifacts-events/,[Event:In the Shadow of Virtue and Treasures of The Undead Lords],,,,,,,,,,,,,
Splinter from the Tree of strife,,*,,,,*,,,,,,,,,,,100,,,,,,,,,,,50,,,,,,,,,,,,,,,,,,,,,,,,,60,,,,,,,,,,,,,,,,,,,,,,,,,,,,,,,,,,,,,,20,,,,,,,,,,,,,255/255,20,10–12,2,7,*,,SWORDSMANSHIP,,,,,2025-12-26,https://uo.com/wiki/ultima-online-wiki/items/artifact-collections/artifacts-events/,[Event:Treasures of Wildfire,TACTICS +10],,,,,,,,,,,,
Staff of Pyros,,,,,,,,,,,,,,,,,,100,,,,,,,,,,30,,,,,,,1,,,,,,,,,,,,,,,,,,,,,,,,,,,,,,0,,,,,,,,,,,,,,,,,,,,,,,*,,,,,,,,,,,,,,,,255/255,35,13–16,2.75,6,,*,MACE FIGHTING,,,,,2025-12-26,https://uo.com/wiki/ultima-online-wiki/items/artifact-collections/artifacts-events/,[Event:Warriors of Destiny,ARTIFACT RARITY 12,UNDEAD SLAYER],,,,,,,,,,,
Sterling Silver Ring,,,,,,,,,,,,,,,,,,,,,,,,,,,,75,,,,,,,,,,,,,,,,,,,,,,,,,,,3,,,,,,,,,,,,,5,,,,,,,,,,,,,,,,,,,,,,,,,,,,,,,,,,,,,,,,,,,,,,,,2025-12-26,https://uo.com/wiki/ultima-online-wiki/items/artifact-collections/artifacts-events/,[Event:Treasures of: Doom, Sorcerer’s Dungeon, Khaldun, The Undead Lords, the Archlich,MEDITATION +20,ADDITIONAL +20 SKILL BONUS APPLIED BY DOUBLE CLICKING THE RING (WARRIOR SKILLS)],,,,,,,
Stone Arms of Virtue Bane,,,,,,,,,,,,,,,,,,,,,,,,,,,,,,,,,,,,,,,,,,,,,,,,,,,,,,5,,,,,,10,,,,*,,,,,,,,,,,,20,,21,9,6,24,8,,,,,,,,,,,,,,,,,,,,,,255/255,40,,,10,,,,,*,,,2025-12-26,https://uo.com/wiki/ultima-online-wiki/items/artifact-collections/artifacts-events/,[Event:In the Shadow of Virtue,SPELL CONSUMPTION: 1],,,,,,,,,,,,
Storm Lord’s Steel,,,,,,,,,,,,,,,,,100,,,,,,,,,,,,,,,,,,,,,,,,,,,,,,,80,,,,,,,,,,,,,,,,,,,,,,,*,,,,,,,,,,,,,,,,30,,,,,,,,,,,,,,,,,255/255,20,10–14,2.5,5,*,,SWORDSMANSHIP,,,,,2025-12-26,https://uo.com/wiki/ultima-online-wiki/items/artifact-collections/artifacts-events/,[Event:Treasures of the Feudal Lands,EXCEPTIONAL],,,,,,,,,,,,
The Lexicon of Juo’nar,,,,,,,,,,,,,,,,,,,,,,,,,,,,,,,,,,,1,,,,,,,,,,,,,,,,,,,,,,,,,,10,,,,,,,3,,,,,,,,,,,,,,,,,,,,,50,,,,,,,,,,,,,,,,,,,,,,,,,,,2025-12-26,https://uo.com/wiki/ultima-online-wiki/items/artifact-collections/artifacts-events/,[Event:Treasures of the Archlich],,,,,,,,,,,,,
The Redeemer,,,,,,,,,,,,,,,,,100,,,,,,,,,,,55,,,,,,,,,,,,,,,,,,,,,,,,,,,,,,,,,,,,,,,,,,,,,,,,,,,,,,,,,,,,,,,,,,,,,,,,,,,,100/100,85,20–24,5,6,,*,SWORDSMANSHIP,,,,,2025-12-26,https://uo.com/wiki/ultima-online-wiki/items/artifact-collections/artifacts-events/,[Event:Warriors of Destiny,BLESSED,ARTIFACT RARITY 7,UNDEAD SLAYER,DEMON SLAYER],,,,,,,,,
Tabard of the False Prophet,,,,,,,,,,,,,,,,,,,,,,,,,,,,15,,,4,,,,,,,,,,,,,,,,,,,,,,,,,,4,,,,,,,,,,,,,,,,,,,,,,,,,,,,,,,,6,,,,,4,,,,,,,,,,,10,,,,,,,,,,,2025-12-26,https://uo.com/wiki/ultima-online-wiki/items/artifact-collections/artifacts-events/,[Event:Rifted Crown,SHARD BOUND],,,,,,,,,,,,
Umbrascale Champion’s Aegis (helm or gargish glasses),,,,,,,,,,,,,,,,,,,,,,,,,,,,,,,,,,,,,,,,,,,,,,,,,,,,,,5,,,5,,,8,,,,,,8,,,,,,,,,,,,15,15,15,15,15,,,,,,,,,,,,5,,,,,,,,,,255/255,,,,,,,,,,,,2025-12-26,https://uo.com/wiki/ultima-online-wiki/items/artifact-collections/artifacts-events/,[Event:Draconic Awakening,SHARD BOUND],,,,,,,,,,,,
Umbrascale Ceremonial dress or robe,,,,,,,,,,,,,,,,,,,,,,,,10,,,,,,,,,,,,,,,,,,,,,,,,,,,,,,2,,,4,,,5,,,,,,,,,,,,,,,,,,,,,,,,,,,,,10,,,,,,,,,,,,,,,255/255,10,,,,,,,,,,,2025-12-26,https://uo.com/wiki/ultima-online-wiki/items/artifact-collections/artifacts-events/,[Event:Draconic Awakening,SHARD BOUND],,,,,,,,,,,,
Umbrascale Battle Dress or Robe,,,,,,,,,,,,,,,,,,,,,,,,10,,,,,,,,,,,,,,,,,,,,,,,,,,,,,,2,,,,,,,,,,,,,,,,,,,,,,,,,,,,,,,,,,,,,,5,,5,,5,,,,,,,,255/255,10,,,,,,,,,,,2025-12-26,https://uo.com/wiki/ultima-online-wiki/items/artifact-collections/artifacts-events/,[Event:Draconic Awakening,SHARD BOUND],,,,,,,,,,,,
Umbrascale Fang,,,,,,,,,,,,,,,,,,,,,,,,,,,,20,,,,,,,,,,,,,10,,,,,,,,,,,,,,2,,,,,,,,,,,,,,,,,,,,,,,,,,,,,,,,,,,,,,,1,,,,,,,,,,255/255,,,,1,,,,,,,,2025-12-26,https://uo.com/wiki/ultima-online-wiki/items/artifact-collections/artifacts-events/,[Event:Draconic Awakening,REPTILE SLAYER,SHARD BOUND],,,,,,,,,,,
Umbrascale Incantarium,,,,,,,,,,,,,,,,,,,,,,,,,,,,,,,,,,1,1,,,,,,,,,,,,,,,,,,,,,,,,,,,,,,,,,,,,,,,,,,,,,,,,,,,,,,30,,,,,,,,,,,,,,,,,,,,,,,,,,,2025-12-26,https://uo.com/wiki/ultima-online-wiki/items/artifact-collections/artifacts-events/,[Event:Draconic Awakening,BLESSED,DRAGON SLAYER,SHARD BOUND,SPELLS 64],,,,,,,,,
Umbria’s Spellbook,,,,,,,,,,,,,,,,,,,,,,,,,,,,,,,,,,,1,,,,,,,,,,,,,,,,,,,,,,,,,,10,,,,,,,3,,,,,,,,,,,,,,,,,,,,,50,,,,,,,,,,,,,,,,,,,,,,,,,,,2025-12-26,https://uo.com/wiki/ultima-online-wiki/items/artifact-collections/artifacts-events/,[Event:Treasures of The Undead Lords,BLESSED,SPELLS 64,SHARD BOUND],,,,,,,,,,
Umbria’s Grimoire,,,,,,,,,,,,,,,,,,,,,,,,,,,,,,10,,,,2,,,,,,,,,,,,,,,,,,,,,,,,,,5,,,,,,,,,,,,,,,,,,,,,,,,,,,,,30,,,,,,,,,,,,,,,,,,,,,,,,,,,2025-12-26,https://uo.com/wiki/ultima-online-wiki/items/artifact-collections/artifacts-events/,[Event:Treasures of The Undead Lords,BLESSED,UNDEAD SLAYER,SPELLS 17,SHARD BOUND],,,,,,,,,
Veilkeeper’s Branch,,,,,,,,,,,,,,,,,,,,,,,,,,,,,,,,,,1,,,,,,,,,,,,,,,,,,,,,,,4,,,,,,150,,,10,,,,,,,,,,,,,,,1,,,,,,,*,8,,,,,,,,,,,,,,,255/255,20,,,,,,,,,,,2025-12-26,https://uo.com/wiki/ultima-online-wiki/items/artifact-collections/artifacts-events/,[Event:Rifted Crown,MEDITATION +20,SHARD BOUND],,,,,,,,,,,
Void Skipper’s Boots,,,,,,,,,,,,,,,,,,,,,,,,,,,,,,,,,,,,,,,,,,,,,,,,,,,,,,,,,,,,3,,,200,,,,,,,,,,,,,,,,,,,,,,,,,,,,,,,,,,,,,,,,,255/255,10,,,,,,,,,,,2025-12-26,https://uo.com/wiki/ultima-online-wiki/items/artifact-collections/artifacts-events/,[Event:Rifted Crown,SHARD BOUND,NIGHTSIGHT],,,,,,,,,,,
Void Touched Corselet/Cuirass,,,,,,,,,,,,,,,,,,,,,,,,,,,,,,,5,,,,,,,,,,,,,,,,,,,,,,,5,,,5,,,8,,,,,,8,,,,,,,,,,,,15,15,15,15,15,,,,,,,,,,8,,5,,,,,,,,,,255/255,95,,,,,,,,,,,2025-12-26,https://uo.com/wiki/ultima-online-wiki/items/artifact-collections/artifacts-events/,[Event:Rifted Crown],,,,,,,,,,,,,
Void Woven Strand,,,,,,,,,,,,,,,,,,,,,,,,,,,,10,,,,,,,,,,,,,5,,,,,,,,,,,,,,,,,,,,,,,,,,,,,,,,,,,,,,,,,,,,,,,,,,,,,,,,,,,,,,,255/255,10,,,,,,,,,,,2025-12-26,https://uo.com/wiki/ultima-online-wiki/items/artifact-collections/artifacts-events/,[Event:Rifted Crown,SHARD BOUND],,,,,,,,,,,,
Vorpal Blade,,,,,,,,,,,,,,,,,50,,,,50,,,,,,,40,,,5,,,,,,,,,,15,,,,,,,,,,,,,,,,,,,,,,,,,,,,,,,,,,,,,,,,,,,,,,,,,,,,,,,,,,,,,,,255/255,10,10–12,2,,,,,,,,,2025-12-26,https://uo.com/wiki/ultima-online-wiki/items/artifact-collections/artifacts-events/,[Event:Warriors of Destiny,REPOND SLAYER,SKILL: FENCING],,,,,,,,,,,
Vortha’s Medallion,,,,,,,,,,,,,,,,,,,,,,,,,,,,,,,,,,,,,,,,,,,,,,,,,,,,,,3,3,,5,,,12,20,,,,,,,3,,,,,,,,,,,,,,,,,,,,,12,,,,,,,,,,,,,,,,,,,1,,,,,,,,2025-12-26,https://uo.com/wiki/ultima-online-wiki/items/artifact-collections/artifacts-events/,[Event:Treasures of the Shattered Sanctum,GARGOYLES AND HUMAN VERSIONS,SHARD BOUND],,,,,,,,,,,
Warded Demonbone Bracers,,,,,,,,,,,2,,,,,,,,,,,,,,,,,,,,,,,,,,,,,,,,,,,,,,,,,,,,,,,,,6,12,,,*,,,,1,,,,,,,,,,9,11,8,7,9,,,,,,,,,,,,,,,,,,,,,,255/255,55,,,2,,,,,,,,2025-12-26,https://uo.com/wiki/ultima-online-wiki/items/artifact-collections/artifacts-events/,[Event:In the Shadow of Virtue],,,,,,,,,,,,,
Warden’s Armor of Augmentation,,,,,,,,,,,,,,,,,,,,,,,5,,,,,,,,,,,,,,,,,,,,,,,,,,,,,,,,,,,,,1,,,,,,,,,,,,,,,,,,,,,,,,,,,,,3,,,,,,,5,,,,,,,,,,,,,,,,,*,,,2025-12-26,https://uo.com/wiki/ultima-online-wiki/items/artifact-collections/artifacts-events/,[Event:In the Shadow of Virtue],,,,,,,,,,,,,
War Lord’s Sash (human and Gargoyle Versions),,,,,,,,,,,,,,,,,,,,,,,,,,,,,,,,,,,,,,,,,,,,,,,,,,,,,,,,,,,,,,,,,,,,,,,,,,,,,,,,,,,,,,,,,,,,,,,,,,,,,,,,255/255,10,,,1,,,,,,,,2025-12-26,https://uo.com/wiki/ultima-online-wiki/items/artifact-collections/artifacts-events/,[Event:Treasures of the Feudal Lands,RANDOM PRIMARY STAT 4,RANDOM EATER 10%],,,,,,,,,,,
Weald Codex,,,,,,,,,,,,,,,,,,,,,,,,,,,,,,,,,,,1,,,,,,,,,,,,,,,,,,,,,,,,,,10,,,,,,,3,,,,,,,,,,,,,,,,,,,,,50,,,,,,,,,,,,,,,,,,,,,,,,,,,2025-12-26,https://uo.com/wiki/ultima-online-wiki/items/artifact-collections/artifacts-events/,[Event:Treasures of Fey Wrath,BLESSED,SPELLS 64],,,,,,,,,,,
Weeping Edge,,,,,,,,,,,,,,,,,100,,,,,,,,,,,,,,,,,,,,,,,,,,,,,,,,,,,,,,,,,,,,,,,,,,,,,,,,,,,,,,,,,,,,,,,,,,30,,,,,,,,,,,,,255/255,20,10–12,2,7,*,,SWORDSMANSHIP,,,,,2025-12-26,https://uo.com/wiki/ultima-online-wiki/items/artifact-collections/artifacts-events/,[Event:Treasures of the Feudal Lands,EXCEPTIONAL],,,,,,,,,,,,
Whip,,,,,,,,,,,,,,,,,,,,,,,,,,,,,,,,,,,,,,,,,,,,,,,,,,,,,,,,,,,,,,,,,,,,,,,,,,,,,,,,,,,,,,,,,,,,,,,,,,,,,,,,,,,3.25,,,,,1,,,,2025-12-26,https://uo.com/wiki/ultima-online-wiki/items/artifact-collections/artifacts-events/,[Event:Krampus Encounter,DAMAGE: 13-17,ONE HANDED],,,,,,,,,,,
Whip,,,,,,,,,,*,,,,,,,100,,,,,,,,,,,25,,,,,,,,,50,,,,,,,,,35,100,,,30,,,81,,,40,,,,,,,,,,,,,,,,,,,,,,,,,,,,,,,,,,,,,,,,,,,,,,,,255/255,20,13–17,3.25,5,*,,,,,,,2025-12-26,https://uo.com/wiki/ultima-online-wiki/items/artifact-collections/artifacts-events/,[Event:Treasures of Fey Wrath],,,,,,,,,,,,,
Wing Armor of Light,,,,,,,,,,,,,,,,,,,,,,,,,,,,,,,,,,,,,,,,,5,,,,,,,,,,,,,,2,,,,,,,,,,,,,,,*,,,,,,,,,,,,,,,,,,,,,,,,,,,,,,,,,,,,,,,,,,,*,,,2025-12-26,https://uo.com/wiki/ultima-online-wiki/items/artifact-collections/artifacts-events/,[Event:Treasures of Fey Wrath],,,,,,,,,,,,,
Wyrmscale Helm,,,,,,,,,,,,,,,,,,,,,,,,,,,,,,,,,,,,,,,,,,,,,,,,,,,,,,,,,,,,,,,,,,,,,,,,,,,,,,3,3,3,3,3,,,,,,,,,,,,,,,,,,,,,,,75,,,,,,,,,,,2025-12-26,https://uo.com/wiki/ultima-online-wiki/items/artifact-collections/artifacts-events/,[Event:Draconic Awakening],,,,,,,,,,,,,
Yukio’s Glass Earrings,,,,,,,,,,,,,,,,,,,,,,,,,,,,,,,,,,,,,,,,,,,,,,,,,,,,,,,,,,,,,,,125,,,,,,,,,,,,,,,,,,,,,,,,,,15,,,,,,,,,,,,,,,255/255,,,,,,,,,,,,2025-12-26,https://uo.com/wiki/ultima-online-wiki/items/artifact-collections/artifacts-events/,[Event:Soulless Seduction and Counterfeit Commodities],,,,,,,,,,,,,
Aegis of Grace,,,,,,,,,,,,,,,,,,,,,,,,,,,,,,20,,,,,,,,,,,,,,,,,,,,,,,,,,,,,,,,,,,,,,,,,,,,,,,,10,9,7,7,15,,,2,,,,,,,,,,,,,,,,,,,255/255,10,,,,,,,,,,,2025-12-26,https://uo.com/wiki/ultima-online-wiki/items/artifact-collections/artifacts-minor/,[RESISTING SPELLS 10],,,,,,,,,,,,,
Alchemist’s Bauble,,,,,,,,,,,,,,,,,,,,,,,,,,,,,,,,,30,,,,,,,,,,,,,,,,,,,,,,,,,,,,20,,,,,,,,,,,,,,,,,,,,10,,,,,,,,,,,,,,,,,,,,,,,,,,,,,,,,,,,2025-12-26,https://uo.com/wiki/ultima-online-wiki/items/artifact-collections/artifacts-minor/,[MAGERY +10],,,,,,,,,,,,,
Arctic Death Dealer,,,,,,,,,,,,,,,,,50,,50,,,,,,,,,40,,,,,,,,,,,,,,,,,,33,,,40,,,,,,,,,,,,,,,,,,,,,,,,,,,,,,,10,,,,,,,,,,,,,,,,20,,,,,,,,255/255,80,15-19,3.75,,*,,MACE FIGHTING,,,,,2025-12-26,https://uo.com/wiki/ultima-online-wiki/items/artifact-collections/artifacts-minor/,-,,,,,,,,,,,,,
Blade Dance,,,,,,,,,,,,,,,,,100,,,,,,,,,,,30,,,,,,,,,,,,,,,,,,,,,,,,,30,,,,,,,,,,,,,8,,,,,,,,,,,,,,,,,,,,,,*,,,,,,,,,,,*,,,,,255/255,30,14-17,3,,,*,SWORDSMANSHIP,,,,,2025-12-26,https://uo.com/wiki/ultima-online-wiki/items/artifact-collections/artifacts-minor/,-,,,,,,,,,,,,,
Blaze Of Death,,,,,,,,,,,,,,,,,50,50,,,,,,,,,,35,,,,,,,,,50,,,,,,,,50,,,,,,,,,,,,,,,,,100,,,,,,,,,,,,,,,,,10,,,,,,,,,,,,,,,,,25,,,,,,,,255/255,,18-21,4,,,*,SWORDSMANSHIP,,,,,2025-12-26,https://uo.com/wiki/ultima-online-wiki/items/artifact-collections/artifacts-minor/,-,,,,,,,,,,,,,
Bloodwood Spirit,,,,,,,,,,,,,,,,,,,,,,,,,,,,,,,,,,,,,,,,,,,,,,,,,,,,,,,,,,,,,,,,,,,,,,,,*,,,,,,,,,,,,,,,,,,,,,,,,,,,,,,,,,,,,,,,,,,,,2025-12-26,https://uo.com/wiki/ultima-online-wiki/items/artifact-collections/artifacts-minor/,[NECROMANCY +5,SPIRIT SPEAK +10],,,,,,,,,,,,
Bonesmasher,,,,,,,,,,,,,,,,,100,,,,,,,,,,,,,,,,,,,,,,,,,,,,,,,,,,,,,,,40,,,,,,,,,,,,,,,,,,,,,,,,,,,,,2,,,,,,,,,,,,,,,,,,,255/255,35,13-17,3.25,,*,,MACE FIGHTING,,,,,2025-12-26,https://uo.com/wiki/ultima-online-wiki/items/artifact-collections/artifacts-minor/,[MACE FIGHTING +10],,,,,,,,,,,,,
Boomstick,,,,,,,,,,,,,,,,,,,,,,,,,,,,,,,,,,,1,,,,,,,,,,,,,,,,,,,,,,,,,,20,,,,,,,3,,,,,,,,,,,,,,,,,,,,*,,,,,,,,,,,,,,,,255/255,15,10-13,2.25,,*,,MACE FIGHTING,,,,,2025-12-26,https://uo.com/wiki/ultima-online-wiki/items/artifact-collections/artifacts-minor/,-,,,,,,,,,,,,,
Bow Of The Juka King,,,,,,,,,,,,,,,,,100,,,,,,,,,,,40,,,,,,,,,,,,,15,,,,,,,,,,25,,,,,,,,,,,,,,,,,,,,,,,,,,,,,,,,,,,,,,,,,,,,,,,,,,,,,255/255,30,17-21,4.25,,,*,ARCHERY,10,,,,2025-12-26,https://uo.com/wiki/ultima-online-wiki/items/artifact-collections/artifacts-minor/,[REPTILE SLAYER],,,,,,,,,,,,,
Brightsight Lenses,,,,,,,,,,,,,,,,,,,,,,,,,,,,,,,,,,,,,,,,,,,,,,,,,,,,,,,,,,,,,,,,,,,,3,,*,,,,,,,,9,29,7,8,7,,,3,,,,,,,,,,,,,,,,,,,255/255,45,,,,,,,,,,,2025-12-26,https://uo.com/wiki/ultima-online-wiki/items/artifact-collections/artifacts-minor/,-,,,,,,,,,,,,,
Burglar’s Bandana,,,,,,,,,,,,,,,,,,,,,,,,,,,,,,,5,,,,,,,,,,,,,,,,,,,,,,,,,,,,,,,,,,,,,,,,,,,,,,,10,5,7,10,10,,,,,,,,,,,,,,,,,,,,,,255/255,10,,,,,,,,,,,2025-12-26,https://uo.com/wiki/ultima-online-wiki/items/artifact-collections/artifacts-minor/,[SNOOPING +10,STEALING +10,STEALTH +10],,,,,,,,,,,
Candelabra of Souls,,,,,,,,,,,,,,,,,,,,,,,,,,,,,,,,,,,,,,,,,,,,,,,,,,,,,,,,,,,,,,,,,,,,,,,,,,,,,,,,,,,,,,,,,,,,,,,,,,,,,,,,,,,,,,,,,,,,2025-12-26,https://uo.com/wiki/ultima-online-wiki/items/artifact-collections/artifacts-minor/,[],,,,,,,,,,,,,
Captain Quacklebush’s Cutlass,,,,,,,,,,,,,,,,,100,,,,,,,,,,,50,,,5,,,,,,,,,,10,,,,,,,,,,,,,,,,,,,,,,,,,,,,,,,,,,,,,,,,,,,,,,,,,,,,,,,20,,,*,,,,,255/255,25,10-14,2.5,,*,,SWORDSMANSHIP,,,,,2025-12-26,https://uo.com/wiki/ultima-online-wiki/items/artifact-collections/artifacts-minor/,-,,,,,,,,,,,,,
Cavorting Club,,,,,,,,,,,,,,,,,100,,,,,,,,,,,35,,,,,,,,,,,,,,,,,,,,,,,,,,,,,,,,,,,,,,,,,,,,,,,,,,,8,8,8,8,,,3,,,,,,,,,,,35,,,,,,,,255/255,40,10-14,2.5,,*,,MACE FIGHTING,,,,,2025-12-26,https://uo.com/wiki/ultima-online-wiki/items/artifact-collections/artifacts-minor/,-,,,,,,,,,,,,,
Cold Blood,,,,,,,,,,,,,,,,,,,100,,,,,,,,,,,,,,,,,,,,,,,,,,,,,,,,,,,6,,,,,,,,,,,,6,,,,,,,,,,,,,,,,,,,,,,,,,,6,,,,40,,,,,,,,255/255,10,10-14,2.5,,*,,SWORDSMANSHIP,,,,,2025-12-26,https://uo.com/wiki/ultima-online-wiki/items/artifact-collections/artifacts-minor/,-,,,,,,,,,,,,,
Dread Pirate Hat,,,,,,,,,,,,,,,,,,,,,,,,,,,,,,,8,,,,,,,,,,10,,,,,,,,,,,,,,,,,,,,,,,,,,,,,*,,,,,,,,,5,14,10,5,,,,,,,,,,,,,,,,,,,,,,255/255,10,,,,,,,,,,,2025-12-26,https://uo.com/wiki/ultima-online-wiki/items/artifact-collections/artifacts-minor/,[RANDOM COMBAT SKILL +10],,,,,,,,,,,,,
Enchanted Titan Leg Bone,,,,,,,,,,,,,,,,,100,,,,,,,,,,,20,,,,,,,,,,,,,10,,,,,,,40,,40,,,,,,,,,,,,,,,,,,,,,,,,,,,,10,,,,,,,,,,,,,,,,,,,,,,,,,,255/255,40,10-13,2,,,*,FENCING,,,,,2025-12-26,https://uo.com/wiki/ultima-online-wiki/items/artifact-collections/artifacts-minor/,-,,,,,,,,,,,,,
Fey Leggings,,,,,,,,,,,,,,,,,,,,,,,,,,,,,,20,,,,,,,,,,,,,,,,,,,,,,,,6,,,,,,,,,,*,,,,,,,,,,,,,,12,8,7,4,19,,,,,,,,,,,,,,,,,,,,,,255/255,60,,,,,,,,,,,2025-12-26,https://uo.com/wiki/ultima-online-wiki/items/artifact-collections/artifacts-minor/,-,,,,,,,,,,,,,
Flesh Ripper,,,,,,,,,,,,,,,,,100,,,,,,,,,,,,,,,,,,,,,,,,15,,,,,,,,,,,,,,,,,,,,,,,,,,,,,,,,,,,,,,,,,,,,,,,,,,,,,5,,40,,,*,,,,,255/255,15,10-12,2,,*,,FENCING,,,,,2025-12-26,https://uo.com/wiki/ultima-online-wiki/items/artifact-collections/artifacts-minor/,[SKILL BONUS ANATOMY +10,SLAYER MAGE],,,,,,,,,,,,
Ghost Ship Anchor,,,,,,,,,,,,,,,,,,,,,,,,,,,,,,,,,,,,,,,,,,,,,,,,,,,,,,,,,,,,,,,,,,,,,,,,,,,,,,,,,,,,,,,,,,,,,,,,,,,,,,,,,,,,,,,,,,,,2025-12-26,https://uo.com/wiki/ultima-online-wiki/items/artifact-collections/artifacts-minor/,-,,,,,,,,,,,,,
Gloves Of The Pugilist,,,,,,,,,,,,,,,,,,,,,,,,,,,,15,,,8,,,,,,,,,,,,,,,,,,,,,,,,,,,,,,,,,,,,,,,,,,,,,,,18,4,3,3,3,,,,,,,,,,,,,,,,,,,,,,255/255,20,,,,,,,,,,,2025-12-26,https://uo.com/wiki/ultima-online-wiki/items/artifact-collections/artifacts-minor/,[WRESTLING +10],,,,,,,,,,,,,
Gold Bricks,,,,,,,,,,,,,,,,,,,,,,,,,,,,,,,,,,,,,,,,,,,,,,,,,,,,,,,,,,,,,,,,,,,,,,,,,,,,,,,,,,,,,,,,,,,,,,,,,,,,,,,,,,,,,,,,,,,,2025-12-26,https://uo.com/wiki/ultima-online-wiki/items/artifact-collections/artifacts-minor/,-,,,,,,,,,,,,,
Gwenno’s Harp,,,,,,,,,,,,,,,,,,,,,,,,,,,,,,,,,,,,,,,,,,,,,,,,,,,,,,,,,,,,,,,,,,,,,,,,,,,,,,,,,,,,,,,,,,,,,,,,,,,,,,,,,,,,,,,,,,,,2025-12-26,https://uo.com/wiki/ultima-online-wiki/items/artifact-collections/artifacts-minor/,[USES: 1600,REPOND SLAYER,REPTILE SLAYER],,,,,,,,,,,
Heart Of The Lion,,,,,,,,,,,,,,,,,,,,,,,,,,,,,,15,,,,,,,,,,,,,,,,,,,,,,,,,,,,,,,,100,95,*,,,,,,,,,,,,,,15,10,10,10,10,,,,,,,,,,,,,,,,,,,,,,255/255,,,,,,,,,,,,2025-12-26,https://uo.com/wiki/ultima-online-wiki/items/artifact-collections/artifacts-minor/,-,,,,,,,,,,,,,
Helm Of Swiftness,,,,,,,,,,,,,,,,,,,,,,,,,,,,,,,,,,2,1,,,,,,,,,,,,,,,,,,,,,,5,,,,,,,*,,,,,,,,,,,,,,6,5,6,6,8,,,,,,,,,,,,,,,,,,,,,,255/255,25,,,,,,,,,,,2025-12-26,https://uo.com/wiki/ultima-online-wiki/items/artifact-collections/artifacts-minor/,-,,,,,,,,,,,,,
Iolo’s Lute,,,,,,,,,,,,,,,,,,,,,,,,,,,,,,,,,,,,,,,,,,,,,,,,,,,,,,,,,,,,,,,,,,,,,,,,,,,,,,,,,,,,,,,,,,,,,,,,,,,,,,,,,,,,,,,,,,,,2025-12-26,https://uo.com/wiki/ultima-online-wiki/items/artifact-collections/artifacts-minor/,[USES: 1600,DEMON SLAYER,UNDEAD SLAYER],,,,,,,,,,,
Legendary Mapmaker’s Glasses,,,,,,,,,,,,,,,,,,,,,,,,,,,,,,,,,,,,,,,,,,,,,,,,,,,,,,,,,,,,,,,,,,,,,,,,,,,,,,,,,,,,,,,,,,,,,,,,,,,,,,,,,,,,,,,,,,,,2025-12-26,https://uo.com/wiki/ultima-online-wiki/items/artifact-collections/artifacts-minor/,[– 5 CARTOGRAPHY BONUS (RANDOM) 1],,,,,,,,,,,,,
Luna Lance,,,,,,,,,,,,,,,,,100,,,,,,,,,,,35,,,,,,,,,,,,,,,,,,,,,,,,,,,,,,,,,,,,,,,,,,,,,,,,,,,,,,,,,,,,,,,,,,5,,20,,,*,,,,,255/255,95,18-22,4.25,,*,,FENCING,,,,,2025-12-26,https://uo.com/wiki/ultima-online-wiki/items/artifact-collections/artifacts-minor/,[CHIVALRY +10],,,,,,,,,,,,,
Night’s Kiss,,,,,,,,,,,,,,,,,100,,,,,,,,,,,35,,,,,,,,,,,,,,,,,,,30,,,,,,,,,,,,,,,,,,,,,,,,,,,,,,,,,,,,,,,,,,,,,,,,,30,,,,,,,,255/255,10,10-12,2,,*,,FENCING,,,,,2025-12-26,https://uo.com/wiki/ultima-online-wiki/items/artifact-collections/artifacts-minor/,[REPOND SLAYER],,,,,,,,,,,,,
Nox Ranger’s Heavy Crossbow,,,,,,,,,,,,,,,,,50,,,50,,,,,,,,20,,,,,,,,,,,,,,,,,,,,,,,,,,,,40,,,,,,,,,,,,,,,,,,,,,,,,,10,,,,,,,*,,,,,,,,30,,,,,,,,255/255,80,20-24,5,,,*,ARCHERY,8,,,,2025-12-26,https://uo.com/wiki/ultima-online-wiki/items/artifact-collections/artifacts-minor/,-,,,,,,,,,,,,,
Orcish Visage,,,,,,,,,,,,,,,,,,,,,,,,,,,,,,,,,,,,,,,,,,,,,,,,,,,,,,,,,,,,,,,,,,,,,,,,,,,,,,8,5,3,3,5,,,3,,,,,,,5,,10,,,,,,,,,,255/255,30,,,,,,,,,,,2025-12-26,https://uo.com/wiki/ultima-online-wiki/items/artifact-collections/artifacts-minor/,-,,,,,,,,,,,,,
Pads Of The Cu Sidhe,,,,,,,,,,,,,,,,,,,,,,,,,,,,,,,,,,,,,,,,,,,,,,,,,,,,,,,,,,,,,,,,,,,,,,,,,,,,,,,,,,,,,,,,,,,,,,,,,,,,,,,,,10,,,,,,,,,,,2025-12-26,https://uo.com/wiki/ultima-online-wiki/items/artifact-collections/artifacts-minor/,-,,,,,,,,,,,,,
Phillip’s Wooden Steed,,,,,,,,,,,,,,,,,,,,,,,,,,,,,,,,,,,,,,,,,,,,,,,,,,,,,,,,,,,,,,,,,,,,,,,,,,,,,,,,,,,,,,,,,,,,,,,,,,,,,,,,,,,,,,,,,,,,2025-12-26,https://uo.com/wiki/ultima-online-wiki/items/artifact-collections/artifacts-minor/,-,,,,,,,,,,,,,
Pixie Swatter,,,,,,,,,,,,,,,,,,100,,,,,,,,,,,,,,,,,,,,,75,,,,,,,,,,,,,,,,,,,,,,,,,,,,,,,,,,,,,,,,12,,,12,,,,,,,,,,,,,,30,,,*,,,,,255/255,40,14-18,3.5,,*,,MACE FIGHTING,,,,,2025-12-26,https://uo.com/wiki/ultima-online-wiki/items/artifact-collections/artifacts-minor/,[FEY SLAYER],,,,,,,,,,,,,
Polar Bear Mask,,,,,,,,,,,,,,,,,,,,,,,,,,,,,,,,,,,,,,,,,,,,,,,,,,,,,,,2,,,,,,,,,,,,,,,*,,,,,,,,15,3,21,4,4,,,3,,,,,,,,,,,,,,,,,,,255/255,10,,,,,,,,,,,2025-12-26,https://uo.com/wiki/ultima-online-wiki/items/artifact-collections/artifacts-minor/,-,,,,,,,,,,,,,
Quiver Of Rage,,,,,,,,,,,,,,,,,20,20,20,20,20,,,,,,,,10,,,,,,,,,,,,,,,,,,,,,,,,,,,,,,,,,,,,,,,,,,,,,,,,,,,,,,,,,,,,,,,,,,,,,,,,,25,,,,,,,,,,,,,,2025-12-26,https://uo.com/wiki/ultima-online-wiki/items/artifact-collections/artifacts-minor/,-,,,,,,,,,,,,,
Quiver Of The Elements,,,,,,,,,,,,100,,,,,,,,,,,,,,,,,10,,,,,,,,,,,,,,,,,,,,,,,,,,,,,,,,,,,,,,,,,,,,,,,,,,,,,,,,,,,,,,,,,,,,,,,,,50,,,,,,,,,,,,,,2025-12-26,https://uo.com/wiki/ultima-online-wiki/items/artifact-collections/artifacts-minor/,-,,,,,,,,,,,,,
Raed’s Glory,,,,,,,,,,,,,,,,,100,,,,,,,,,,,,,,,,,,,,,,,,,,,,,,35,,,,,,,,,,,,,,,,,,,8,,,,,,,,,,,,,,,,,,,,,,*,,,,,,,,20,,,,,,,,,15,10-13,2.25,,,*,FENCING,,,,,2025-12-26,https://uo.com/wiki/ultima-online-wiki/items/artifact-collections/artifacts-minor/,-,,,,,,,,,,,,,
Righteous Anger,,,,,,,,,,,,,,,,,100,,,,,,,,,,,40,,5,,,,,,,,,,,15,,,,,,,,,,,,,,,,,,,,,,,,,,,,,,,,,,,,,,,,,,,,,,,,,,,,,,,35,,,,,,,,255/255,20,13-15,2.75,,*,,SWORDSMANSHIP,,,,,2025-12-26,https://uo.com/wiki/ultima-online-wiki/items/artifact-collections/artifacts-minor/,-,,,,,,,,,,,,,
Robe Of The Eclipse,,,,,,,,,,,,,,,,,,,,,,,,,,,,,,,,,,,,,,,,,,,,,,,,,,,,,,,,,,,,,,,95,,,,,,,,,,,,,,,,,,,,,,,,,,,,,,,,,,,,,,,,,,10,,,,,,,,,,,2025-12-26,https://uo.com/wiki/ultima-online-wiki/items/artifact-collections/artifacts-minor/,-,,,,,,,,,,,,,
Robe Of The Equinox,,,,,,,,,,,,,,,,,,,,,,,,,,,,,,,,,,,,,,,,,,,,,,,,,,,,,,,,,,,,,,,95,,,,,,,,,,,,,,,,,,,,,,,,,,,,,,,,,,,,,,,,,,10,,,,,,,,,,,2025-12-26,https://uo.com/wiki/ultima-online-wiki/items/artifact-collections/artifacts-minor/,-,,,,,,,,,,,,,
Seahorse Statuette,,,,,,,,,,,,,,,,,,,,,,,,,,,,,,,,,,,,,,,,,,,,,,,,,,,,,,,,,,,,,,,,,,,,,,,,,,,,,,,,,,,,,,,,,,,,,,,,,,,,,,,,,,,,,,,,,,,,2025-12-26,https://uo.com/wiki/ultima-online-wiki/items/artifact-collections/artifacts-minor/,-,,,,,,,,,,,,,
Shield Of Invulnerability,,,,,,,,,,,,,,,,,,,,,,,,,,,,,,15,,,,,,,,,,,,,,,,,,,,,,,,,,,,,,,,100,,,,,,,,,,,,,,10,,8,,,,,,,,,,*,,,,,,,,,,,,,,,,255/255,,,,,,,,,,,,2025-12-26,https://uo.com/wiki/ultima-online-wiki/items/artifact-collections/artifacts-minor/,-,,,,,,,,,,,,,
Ship Model Of The H.M.S. Cape,,,,,,,,,,,,,,,,,,,,,,,,,,,,,,,,,,,,,,,,,,,,,,,,,,,,,,,,,,,,,,,,,,,,,,,,,,,,,,,,,,,,,,,,,,,,,,,,,,,,,,,,,,,,,,,,,,,,2025-12-26,https://uo.com/wiki/ultima-online-wiki/items/artifact-collections/artifacts-minor/,-,,,,,,,,,,,,,
Soul Seeker,,,,,,,,,,,,,,,,,,,100,,,,,,,,,,,,,,,,,,,,,,,,,,,,30,,,,,,30,,,40,,,,,,,,,,,,,,,,,,,,,,,,,,,,,,,,,,,,,,,,60,,,,,,,,,20,12-14,2.5,,*,,SWORDSMANSHIP,,,,,2025-12-26,https://uo.com/wiki/ultima-online-wiki/items/artifact-collections/artifacts-minor/,[REPOND SLAYER],,,,,,,,,,,,,
Staff Of Power,,,,,,,,,,,,,,,,,100,,,,,,,,,,,,,,,,,2,,,,,,,,,,,,,,,,,,,,,,,,,,5,,,,,-15,,,,,,,,,,,,,,,,,,,,,,,*,5,,,,,,,,,,,,,,,255/255,35,13-16,2.75,,,*,MACE FIGHTING,,,,,2025-12-26,https://uo.com/wiki/ultima-online-wiki/items/artifact-collections/artifacts-minor/,-,,,,,,,,,,,,,
Talon Bite,,,,,,,,,,,,,,,,,100,,,,,,,,,,,,,,8,,,,,,,,,,,,,,,33,,,,,,,,,,,,,,,,,,,,,,,,,,,,,,,,,,,,,,,,,,,,,,,,,,20,,,*,,,,,255/255,45,17-20,3.75,,,*,SWORDSMANSHIP,,,,,2025-12-26,https://uo.com/wiki/ultima-online-wiki/items/artifact-collections/artifacts-minor/,[TACTICS +10],,,,,,,,,,,,,
The Admiral’s Hearty Rum,,,,,,,,,,,,,,,,,,,,,,,,,,,,,,,,,,,,,,,,,,,,,,,,,,,,,,,,,,,,,,,,,,,,,,,,,,,,,,,,,,,,,,,,,,,,,,,,,,,,,,,,,,,,,,,,,,,,2025-12-26,https://uo.com/wiki/ultima-online-wiki/items/artifact-collections/artifacts-minor/,-,,,,,,,,,,,,,
Totem Of The Void,,,,,,,,,,,,,,,,,,,,,,,,,,,,,,,,,,,,,,,,,,,,,,,,,,,,,,,2,,,,,10,,,,,,,,,,,,*,,,,,,,,,,,,,,,,,,,,,,,,,,,,,,,,,,,,,,,,,,,,2025-12-26,https://uo.com/wiki/ultima-online-wiki/items/artifact-collections/artifacts-minor/,-,,,,,,,,,,,,,
Violet Courage,,,,,,,,,,,,,,,,,,,,,,,,,,,,,,15,,,,,,,,,,,,,,,,,,,,,,,,,,,,,,,,100,95,*,,,,,,,,,,,,,,14,12,12,8,9,,,,,,,,,,,,,,,,,,,,,,255/255,,,,,,,,,,,,2025-12-26,https://uo.com/wiki/ultima-online-wiki/items/artifact-collections/artifacts-minor/,-,,,,,,,,,,,,,
Wildfire Bow,,,,,,,,,,,,,,,,,,100,,,,,,,,,,,,,,,,,,,,,,,,,,,,,,,,,,,,,,,,,,,,,,,,,,,,,,,,,,,,,25,,,,,,,,,,,,,,,,,,,,,15,,,,255/255,45,15-19,3.75,,,*,ARCHERY,10,,,,2025-12-26,https://uo.com/wiki/ultima-online-wiki/items/artifact-collections/artifacts-minor/,[ARCHERY +10],,,,,,,,,,,,,
Windsong,,,,,,,,,,,,,,,,,100,,,,,,,,,,,35,,,,,,,,,,,,,,,,,,,,,,,,,,,,,,,,,,,,,,,,,,,,,,,,,,,,,,,,,3,,,,,,,,,,,,,,,25,,,,255/255,45,12-16,3,,,,ARCHERY,10,,,,2025-12-26,https://uo.com/wiki/ultima-online-wiki/items/artifact-collections/artifacts-minor/,-,,,,,,,,,,,,,
Wrath Of The Dryad,,,,,,,,,,,,,,,,,,,,100,,,,,,,,40,,,,,,,,,,,,,15,,,,,,,33,,,,,81,,,,,,,,,,,,,,,,,,,,,,,,,,,,,,,,,,,,,,,,,,,,,,,,,,,255/255,20,15-18,3.25,,,*,MACE FIGHTING,,,,,2025-12-26,https://uo.com/wiki/ultima-online-wiki/items/artifact-collections/artifacts-minor/,-,,,,,,,,,,,,,
Crimson Cincture,,,,,,,,,,,,,,,,,,,,,,,,,,,,,,,5,,,,,,,,,,,,,,,,,,,,,,,10,2,,,,,,,,,,,,,,,,,,,,,,,,,,,,,,,,,,,,,,,,,,,,,,,,,,,,,,,,,,,,,2025-12-26,https://uo.com/wiki/ultima-online-wiki/items/artifact-collections/artifacts-mondains-legacy-peerless/,-,,,,,,,,,,,,,
Crystalline Ring,,,,,,,,,,,,,,,,,,,,,,,,,,,,,,,,,,,,20,,,,,,,,,,,,,,,,,,,5,,,,,,,,,,,,,3,,,,,,,,,,,,,,,,,,,,,20,,,,,,,,,,,,,,,,,,,,,,,,,,,2025-12-26,https://uo.com/wiki/ultima-online-wiki/items/artifact-collections/artifacts-mondains-legacy-peerless/,[MAGERY +20],,,,,,,,,,,,,
Dread Flute,,,,,,,,,,,,,,,,,,,,,,,,,,,,,,,,,,,,,,,,,,,,,,,,,,,,,,,,,,,,,,,,,,,,,,,,,,,,,,,,,,,,,,,,,,,,,,,,,,,,,,,,,,,,,,,,,,,,2025-12-26,https://uo.com/wiki/ultima-online-wiki/items/artifact-collections/artifacts-mondains-legacy-peerless/,[EXCEPTION],,,,,,,,,,,,,
Dread’s Revenge,,,,,,,,,,,,,,,,,,,,100,,,,,,,,,,,,,,,,,,,30,,15,,,,,,,,,,,,,,,,,,,,,,,,,,,,,,,,,,,,,,,,,,,,,,,,,,,,,,,50,,,,,,,,,,10-12,2,,,,,,,,,2025-12-26,https://uo.com/wiki/ultima-online-wiki/items/artifact-collections/artifacts-mondains-legacy-peerless/,[FENCING +20],,,,,,,,,,,,,
Grizzled Mare Statuette,,,,,,,,,,,,,,,,,,,,,,,,,,,,,,,,,,,,,,,,,,,,,,,,,,,,,,,,,,,,,,,,,,,,,,,,,,,,,,,,,,,,,,,,,,,,,,,,,,,,,,,,,,,,,,,,,,,,2025-12-26,https://uo.com/wiki/ultima-online-wiki/items/artifact-collections/artifacts-mondains-legacy-peerless/,[EXCEPTION],,,,,,,,,,,,,
Mark of Travesty,,,,,,,,,,,,,,,,,,,,,,,,,,,,,,,,,,,,,,,,,,,,,,,,,,,,,,,3,,,,,,,,,,,8,,,,,,,,,,,,8,5,11,20,15,,,3,,,,,,,,,,,,,,,,,,,,,,,,,,,,,,,2025-12-26,https://uo.com/wiki/ultima-online-wiki/items/artifact-collections/artifacts-mondains-legacy-peerless/,[OBTAINED FROM: TRAVESTY,SKILL +10,OTHER SKILL +10],,,,,,,,,,,
Melisande’s Corroded Hatchet,,,,,,,,,,,,,,,,,100,,,,,,,,,,,-50,,,,,,,,,,,,,,,,,,,,,,,,,,,,,,,,,,,,,,,,,,,,,,,,,,,,,,,,,4,,,*,,,,,,,,15,,,,,,,,,,13-15,2.75,,,,,,,,,2025-12-26,https://uo.com/wiki/ultima-online-wiki/items/artifact-collections/artifacts-mondains-legacy-peerless/,[LUMBERJACKING +5],,,,,,,,,,,,,
Monstrous Interred Grizzle Set,,,,,,,,,,,,,,,,,,,,,,,,,,,,,,,,,,,,,,,,,,,,,,,,,,,,,,,,,,,,,,,,,,,,,,,,,,,,,,,,,,,,,,,,,,,,,,,,,,,,,,,,,,,,,,,,,,,,2025-12-26,https://uo.com/wiki/ultima-online-wiki/items/artifact-collections/artifacts-mondains-legacy-peerless/,[EXCEPTION],,,,,,,,,,,,,
Paroxysmus’ Swamp Dragon Statuette,,,,,,,,,,,,,,,,,,,,,,,,,,,,,,,,,,,,,,,,,,,,,,,,,,,,,,,,,,,,,,,,,,,,,,,,,,,,,,,,,,,,,,,,,,,,,,,,,,,,,,,,,,,,,,,,,,,,2025-12-26,https://uo.com/wiki/ultima-online-wiki/items/artifact-collections/artifacts-mondains-legacy-peerless/,[EXCEPTION],,,,,,,,,,,,,
Scepter of the Chief,,,,,,,,,,,,,,,,,,,,100,,,,,,,,45,,,,,,,,,,,,,,,100,,,,,,,,,,100,,2,,,,,,,,,,,,,,,,,,,,,15,,,,,,,,,,,,,,,,,,,,,,,,,,,,,,14-17,3.5,,,,,,,,,2025-12-26,https://uo.com/wiki/ultima-online-wiki/items/artifact-collections/artifacts-mondains-legacy-peerless/,-,,,,,,,,,,,,,
Abyssal Blade,,,,,,,,,,,,100,,,,,,,,,,,,,,,,60,,,,,,,,,,,,,,,,50,,,,,,,,50,60,,,60,,,,,,,,,,,,,,,,,,,,,,,,,,,,,,,,,,,,,,,,20,,,,,,,,,,15-19,3.75,,,,,,,,,2025-12-26,https://uo.com/wiki/ultima-online-wiki/items/artifact-collections/artifacts-stygian-abyss/,-,,,,,,,,,,,,,
Axe of Abandon,,,,,,*,,,,,,,,,,,,,,,,,,,,,,50,,10,,,,,1,,,,,,15,,,,,,,,,40,,,,,,,,,,,,,,,,,,,,,,,,,,,,,,,,,,,,,,,,,,,,,,30,,,,,,,,,,17-20,3.75,,,,,,,,,2025-12-26,https://uo.com/wiki/ultima-online-wiki/items/artifact-collections/artifacts-stygian-abyss/,-,,,,,,,,,,,,,
Axes of Fury,,,,,,,,,,,,,,,,,,,,,,,,,,,,45,,-15,5,,,,,,,,,,20,,,,45,,,,,40,,,,,,,,,,,,,,,,,,,,,,,,,,,,,,,,,,,,,,,,,,,,,,30,,,,,,,,,,14-17,3,,,,,,,,,2025-12-26,https://uo.com/wiki/ultima-online-wiki/items/artifact-collections/artifacts-stygian-abyss/,-,,,,,,,,,,,,,
Banshee’s Call,,,,,,,,,,,,,,,,,,,100,,,,,,,,,50,,,,,,,,,,,,,,,,,,40,45,,,,,,,,,,,,,,,,,,,,,,,,,,,,,,,,,,,,,,,,,,,,,,,5,,30,,,,35,,,,,,13-17,3,,,,,8,,,,2025-12-26,https://uo.com/wiki/ultima-online-wiki/items/artifact-collections/artifacts-stygian-abyss/,-,,,,,,,,,,,,,
Blade of Battle,,,,,,*,,,,,,,,,,,,,,,,,,,,,,50,,10,,,,,,,,,,,15,,,,,,,,,40,,,,,,,,,,,,,,,,,,,,,,,,,,,,,,,,,,,,,,,,,,,,,,25,,,,,,,,,,10-13,2.25,,,,FENCING,,,,,2025-12-26,https://uo.com/wiki/ultima-online-wiki/items/artifact-collections/artifacts-stygian-abyss/,-,,,,,,,,,,,,,
Cavalry’s Folly,,,,,,,,,,,,,,,,,,,,,,,,,,,,45,,,,,,,,,,,,,10,,,,40,,,,,40,,,,,2,,,,,,,,,,,,,,,,,,,,,,,,,,,,,,,,,,,,,,,,,35,,,,,,,,,,14-17,3,,,,,,,,,2025-12-26,https://uo.com/wiki/ultima-online-wiki/items/artifact-collections/artifacts-stygian-abyss/,-,,,,,,,,,,,,,
Channeller’s Defender,,,,,,,,,,,,,,,,,,,,,100,,,,,,,,,10,,,,1,,,,,,,5,,,,,,,,60,,,,,,,,,,,5,,,,,,,,,,,,,,,,,,,,,,,,,,,,*,,,,,,,,20,,,,,,,,,,11-15,2.75,,,,,,,,,2025-12-26,https://uo.com/wiki/ultima-online-wiki/items/artifact-collections/artifacts-stygian-abyss/,-,,,,,,,,,,,,,
Claws of the Berserker,,,,,,*,,,,,,,,,,,,,,,,,,,,,,60,,,,,,,1,,,,,,,,,,,,,45,,50,,,,,,,,,,,,,,,,,,,,,,,,,,,,,,,,,,,,,,,,,,,,,,25,,,,,,,,,,10-12,2,,,,,,,,,2025-12-26,https://uo.com/wiki/ultima-online-wiki/items/artifact-collections/artifacts-stygian-abyss/,-,,,,,,,,,,,,,
Death’s Head,,,,,,,,,,,,,,,,,,,,,,,,,,,,45,,,,,,,,,,,,,,,,10,,,,45,,30,,,,,,,,,,,,,,,,,,,,,,,,,,,,,,,,,,,,,,,,,,,,,,20,,,,,,,,,,11-15,2.75,,,,,,,,,2025-12-26,https://uo.com/wiki/ultima-online-wiki/items/artifact-collections/artifacts-stygian-abyss/,-,,,,,,,,,,,,,
Demon Hunter’s Standard,,,,,,,,,,,,100,,,,,,,,,,,,,,,,50,,,,,,,1,,,,,,,,,,,,,40,,30,,,,,,50,,,,,,,,,,,,,,,,,,,,,,,,,,,,,,,,,,,,,,,,25,,,,,,,,,,13-16,2.75,,,,,,,,,2025-12-26,https://uo.com/wiki/ultima-online-wiki/items/artifact-collections/artifacts-stygian-abyss/,[DEMON SLAYER],,,,,,,,,,,,,
Draconi’s Wrath,,,,,,,,,,,,,,,,,,,,,,,,20,,,,50,,,,,,,,,,,,,15,,,,60,,,,,,,,,,,,,,,,,,,,,,,,,,,,,,,,,,,,,,,,,,,,,,,,,,,,,,*,,,,,,,11-13,2.5,,,,,,,,,2025-12-26,https://uo.com/wiki/ultima-online-wiki/items/artifact-collections/artifacts-stygian-abyss/,-,,,,,,,,,,,,,
Eternal Guardian Staff,,,,,,,,,,,,,,,,,,,,,,,,,,,,,,,,,,,,,,,,,,,,,,,,,,,,,,,,,,,,5,,,,,,,,,,,,,,,,,,,,,,,,,,,,*,10,,,,,,,,,,,,,,,,,15-18,3.25,,,,,,,,,2025-12-26,https://uo.com/wiki/ultima-online-wiki/items/artifact-collections/artifacts-stygian-abyss/,[MYSTICISM +15],,,,,,,,,,,,,
Fallen Mystic’s Spellbook,,,,,,,,,,,,,,,,,,,,,,,,,,,,,,,,,,1,1,,,,,,,,,,,,,,,,,,,,,,,,,5,10,,,,,,,1,,,,,,,,,,,,,,,,,,,,,10,,,,,,,,,,,,,,,,,,,,,,,,,,,2025-12-26,https://uo.com/wiki/ultima-online-wiki/items/artifact-collections/artifacts-stygian-abyss/,[BLESSED,MYSTICISM +10,FEY SLAYER],,,,,,,,,,,
The Impaler’s Pick,,,,,,,,,,,,,,,,,,,,,,,,,,,,45,,,,,,,,,,,,,,,,,,,,40,,40,,10,,,,,,,,,,,,,,,,,,,,,,,,,,,,,,,,,,,,,,,,,,,,30,,,,,,,,,,13-17,3.25,,,,,,,,,2025-12-26,https://uo.com/wiki/ultima-online-wiki/items/artifact-collections/artifacts-stygian-abyss/,[REPOND SLAYER],,,,,,,,,,,,,
Ironwood Composite Bow,,,,,,,,,,,,,,,,,,,,,,,,,,,,45,,,5,,,,,,,,,,,,,,40,,,,,30,,,,,,,,,,,,,,,,,,,,,,,,,,,,,,,,,,,,,,,,,,,,,,25,,,,30,,,,,,16-20,4,,,,,,,,,2025-12-26,https://uo.com/wiki/ultima-online-wiki/items/artifact-collections/artifacts-stygian-abyss/,[FEY SLAYER],,,,,,,,,,,,,
Jade War Axe,,,,,,,,,,,,,,,,,,,,,,,,10,,,,50,,,,,,,,,,,,,,,,,30,,,,,60,,,,,,,,,,,,,,,,,,,,,,,,,,,,,,,,,,,,,,,,,,,,,,20,,,,,,,,,,14-15,3.25,,,,,,,,,2025-12-26,https://uo.com/wiki/ultima-online-wiki/items/artifact-collections/artifacts-stygian-abyss/,[REPTILE SLAYER],,,,,,,,,,,,,
Legacy of Despair,,,,,,,,,,,,,,,,,,,75,25,,,,,,,,60,,,,,,,,,,,,,,10,,,,,,,50,50,,,,,,,,,,,,,,,,,,,,,,,,,,,,,,,,,,,,,,,,,,,,,,30,,,,,,,,,,14-18,3.5,,*,,,,,,,2025-12-26,https://uo.com/wiki/ultima-online-wiki/items/artifact-collections/artifacts-stygian-abyss/,-,,,,,,,,,,,,,
Life Syphon,,,,,,,,*,,,,,,,,,,,,,,,,,,,,50,,,,,,,,,,,,,,,,,,30,100,,,,,,,10,,,,,,,,,,,,,,,,,,,,,,,,,,,,,,,,,,,,,,,,,,25,,,,,,,,,,10-12,2,,,,FENCING,,,,,2025-12-26,https://uo.com/wiki/ultima-online-wiki/items/artifact-collections/artifacts-stygian-abyss/,[OBTAINED FROM: (IN PACK) STYGIAN DRAGON],,,,,,,,,,,,,
Light in the Void,,,,,,,,,,,,,,,,,,,,,,,,,,,,35,,,,,,,1,,,,,,10,,,,,,,45,,30,,,,,,,,,,,,,,,,,,,,,,,,,,,,,,,,,,,,,,,,,,,,8,,20,,,,,,,,,,16-19,3.5,,,*,,,,,,2025-12-26,https://uo.com/wiki/ultima-online-wiki/items/artifact-collections/artifacts-stygian-abyss/,[UNDEAD SLAYER],,,,,,,,,,,,,
Mangler,,,,,,,,,,,,,,,,,,,,,,,,,,,,50,,,,,,,,,,,,,,,,,,50,,,,50,,,50,,,,,,,,,,,,,,,,,,,,,,,,,,,,,,,,,,,,,,,,,,,25,,,*,,,,,,,13-17,3.25,,,,,,,,,2025-12-26,https://uo.com/wiki/ultima-online-wiki/items/artifact-collections/artifacts-stygian-abyss/,-,,,,,,,,,,,,,
Petrified Snake,,,,,,,,,,,,,,,,,,,,100,,,,,,20,,50,,,,,,,,,,,,,,,,,,,,,,30,30,,,,,,,,,,,,,,,,,,,,,,,,,,,,,,10,,,,,,,,,,,,,,,30,,,,,,,,,,16-19,3.5,,,,,,,,,2025-12-26,https://uo.com/wiki/ultima-online-wiki/items/artifact-collections/artifacts-stygian-abyss/,[REPTILE SLAYER],,,,,,,,,,,,,
Raptor Claw,,,,,,,,,,,,,,,,,,,,,,,,,,,,35,,,,,,,,,,,,,12,,,,,,,,,,,,,,,40,,,,,,,,,,,,,,,,,,,,,,,,,,,,,,,,,,,,,,,,30,,,,,,,,,,11-15,2.75,,,,,6,,,,2025-12-26,https://uo.com/wiki/ultima-online-wiki/items/artifact-collections/artifacts-stygian-abyss/,[UNDEAD SLAYER],,,,,,,,,,,,,
Resonant Staff of Enlightenment,,,,,,,,,,,,,,,,,,,,,,,,,,,,-40,,10,,,,,,,,,,,,,,,,,,,,,40,,,,,,5,,,5,,,,,-10,,,,,,,,,,,,,,,,,,20,,,,,*,,,,,,,,20,,,,,,,,,,11-14,2.25,,,,,,,,,2025-12-26,https://uo.com/wiki/ultima-online-wiki/items/artifact-collections/artifacts-stygian-abyss/,-,,,,,,,,,,,,,
Staff of Resonance,,,,,,,,,,,,,,,,,,,,,,,,,,,,-40,,10,,,,,,,,,,,,,,,,50,,,,,,,,,,,,,,5,,,,,-10,,,,,,,,,,,,,,,,,,20,,,,,*,,,,,,,,20,,,,,,,,,,11-14,2.25,,,,,,,,,2025-12-26,https://uo.com/wiki/ultima-online-wiki/items/artifact-collections/artifacts-stygian-abyss/,[Damage Matches Resonance Type],,,,,,,,,,,,,
Staff of Shattered Dreams,,,,,,,,,,,,,,,,,,,,,,,,,,,,50,,,,,,,-1,,,,,,,,25,,,,,,,,,,,,,,,,,,,,,,,,,,,,,,,,,,,,15,,,,,,,,,*,,,20,,,,,,,,,,,,,,,11-14,2.25,,,,,,,,,2025-12-26,https://uo.com/wiki/ultima-online-wiki/items/artifact-collections/artifacts-stygian-abyss/,-,,,,,,,,,,,,,
Standard of Chaos,,,,,,,,,,,,100,,,,,,,,,,,,,,,,-40,,,,,,,1,,,,,,,,,,20,30,,10,,40,,,,,,,,,,,,,,,,,,,,,,,,,,,,,,,,,,,,,,,,,,,,,,30,,,,,,,,,,11-14,2.25,,,,,,,,,2025-12-26,https://uo.com/wiki/ultima-online-wiki/items/artifact-collections/artifacts-stygian-abyss/,-,,,,,,,,,,,,,
Stone Dragon’s Tooth,,,,,,,,,,,,,,,,,,,,100,,,,,,10,,50,,,,,,,,,,,,,,,,,,,,,,30,40,,,,3,,,,,,,,,,,,,,,,,,,,,,,,10,,,,,,,,,,,,,,,,,10,,,,,,,,,,10-12,2,,,,,,,,,2025-12-26,https://uo.com/wiki/ultima-online-wiki/items/artifact-collections/artifacts-stygian-abyss/,-,,,,,,,,,,,,,
Stone Slith Claw,,,,,,,,,,,,,,,,,100,,,,,,,,,,,45,,,,,,,,,,,,,,,,,,40,,,,40,,,,,,,,,,,,,,,,,,,,,,,,,,,,,,,,,,,,,,,,,,,,,,25,,,,,,,,,,13-17,3.25,,,,,8,,,,2025-12-26,https://uo.com/wiki/ultima-online-wiki/items/artifact-collections/artifacts-stygian-abyss/,[DEMON SLAYER],,,,,,,,,,,,,
Storm Caller,,,,,,*,,,,,,,,,,,20,20,20,20,20,,,,,,,40,,,,,,,,,,,,,,,,,,,,40,,30,,,,,,,,,,,,,,,,,,,,,,,,,,,,,,,,,,,,,,,,,,,,5,,30,,,,,,,,,,11-15,2.75,,,,,6,,,,2025-12-26,https://uo.com/wiki/ultima-online-wiki/items/artifact-collections/artifacts-stygian-abyss/,-,,,,,,,,,,,,,
Sword of Shattered Hopes,,,,,,,,,,,,,,,,,,,,,,,,,,,,50,,,,,,,,,,,,,,,25,,,,,,,,,,,,,,,,,,,,,,,,,,,,,,,,,,,,15,,,,,,,,,,,,20,,,,,30,,,,,,,,,,11-15,2.75,,,,,,,,,2025-12-26,https://uo.com/wiki/ultima-online-wiki/items/artifact-collections/artifacts-stygian-abyss/,-,,,,,,,,,,,,,
Valkyrie’s Glaive,,,,,,,,,,,,,,,,,,,,,,,,,,,,20,,,,,,,,,,,,,,,,,40,,,,,,,,,,,,,,,,,,,,,,,,,,,,,,,,,,,,,,,,,,,*,,,,,,5,,20,,,,,,,,,,16-20,4,,,,,10,,,,2025-12-26,https://uo.com/wiki/ultima-online-wiki/items/artifact-collections/artifacts-stygian-abyss/,[UNDEAD SLAYER],,,,,,,,,,,,,
Vampiric Essence,,,,,,,,*,,,,,,,,,,,100,,,,,,,,,50,,,,,,,,,,,,,,,,,,50,100,,,,,,,,,,,,,,,,,,,,,,,,,,,,,,,,,,,,,,,,,,,,,,,,,20,,,,,,,,,,11-13,2.5,,,,,,,,,2025-12-26,https://uo.com/wiki/ultima-online-wiki/items/artifact-collections/artifacts-stygian-abyss/,-,,,,,,,,,,,,,
Boura Tail Shield,,,,,,,,,,,,,,,,,,,,,,,,,,,,,,,,,,,,,,,,,,,,,,,,,,,,,,,,,,,,,,,,,,,,,,,,,,,*,10,,8,,,,1,,,,,,,,,,,,,,,,,,,,,,,,,,,,,,,,,,2025-12-26,https://uo.com/wiki/ultima-online-wiki/items/artifact-collections/artifacts-stygian-abyss/,-,,,,,,,,,,,,,
Defender of the Magus,,,,,,,,,,,,,,,,,,,,,,,,,,,,,,10,,,,1,,,,,,,,,,,,,,,,,,,,,,,,,,,,,,,,,,,,,,,,,,,,,1,,,,10,,,,,*,,,,,,,,,,,,,,,,,,,,,,,,,,,,2025-12-26,https://uo.com/wiki/ultima-online-wiki/items/artifact-collections/artifacts-stygian-abyss/,[(MATCHES RESONANCE TYPE) RESIST 10%],,,,,,,,,,,,,
Dragon Hide Shield,,,,,,,,,,,,,,,,,,,,,,,,20,,,,,,10,,,,,,,,,,,,,,,,,,,,,,,,,2,,,,,,,,,,,,,,,,,,,,,,,,15,,,-4,,,,,,,,,,,,,,,,,,,,,,,,,,,,,,,,,,2025-12-26,https://uo.com/wiki/ultima-online-wiki/items/artifact-collections/artifacts-stygian-abyss/,-,,,,,,,,,,,,,
Mystic’s Guard,,,,,,,,,,,,,,,,,,,,,,,,,,,,,,10,,,,2,,,,,,,,,,,,,,,,,,,,,,,,,,,,,,,,,,,,,,,,,,,,10,,,,1,,,,30,,*,,,,,,,,,,,,,,,,,,,,,,,,,,,,2025-12-26,https://uo.com/wiki/ultima-online-wiki/items/artifact-collections/artifacts-stygian-abyss/,-,,,,,,,,,,,,,
Pillar of Strength,,,,,,,,,,,,,,,,,,,,,,,,,,,,20,,,,,,,,,,,,,,,,,,,,,,,,,,10,,,,,,,,,,,,,,,,,,,,,,,,10,,,1,,,,,,,,,,,,,10,,,,,,,,,,,,,,,,,,,,,,2025-12-26,https://uo.com/wiki/ultima-online-wiki/items/artifact-collections/artifacts-stygian-abyss/,-,,,,,,,,,,,,,
Sign of Chaos,,,,,,,,,,,,,,,,,,,,,,,,,,,,,,10,,,,,1,,,,,,5,,,,,,,,,,,,,,,,,,,,,,,,,,,,,,,,,,,,,3,2,2,2,2,,,,20,,,,,,,,,,,,,,,,,,,,,,,,,,,,,,2025-12-26,https://uo.com/wiki/ultima-online-wiki/items/artifact-collections/artifacts-stygian-abyss/,-,,,,,,,,,,,,,
Sign of Order,,,,,,,,,,,,,,,,,,,,,,,,,,,,,,10,,,,1,1,,,,,,5,,,,,,,,,,,,,,,,,,,,,,,,,,,,,,,,,,,,,1,,5,5,,,,,,,,,,,,,,,,,,,,,,,,,,,,,,,,,,,2025-12-26,https://uo.com/wiki/ultima-online-wiki/items/artifact-collections/artifacts-stygian-abyss/,[CHIVALRY +10],,,,,,,,,,,,,
Wall of Hungry Mouths,,,,,,,,,,,,,,,,,,,,,,,,20,20,20,20,,,,,,,,,,,,,,,,,,,,,,,,,,,,,,,,,,,,,,,,,,,,,,,,,,,5,1,,,,,,,,,,,,,,,,,,,,,,,,,,,,,,,,,,,,,2025-12-26,https://uo.com/wiki/ultima-online-wiki/items/artifact-collections/artifacts-stygian-abyss/,-,,,,,,,,,,,,,
Animated Legs of the Insane Tinker,,,,,,,,,,,,,,,,,,,,,,,,,,,,10,,,5,,,,,,,,,,,,,,,,,,,,,,,,,,,,,,,50,,,,,,,,,,,,,,,,17,15,7,15,2,,,,,,,,,,,2,,,10,,,,,,,,,,,,,,,,,,,,2025-12-26,https://uo.com/wiki/ultima-online-wiki/items/artifact-collections/artifacts-stygian-abyss/,-,,,,,,,,,,,,,
Basilisk Hide Breastplate,,,,,,,,,,,,,,,,,,,,,,10,,,,,,,,5,5,,,,,,,,,,,,,,,,,,,,,,,,2,,,,,5,,,,,,,,1,,,,,,,,,,12,14,6,11,5,,,,,,,,,,,2,,,,,,,,,,,,,,,,,,,,,,,2025-12-26,https://uo.com/wiki/ultima-online-wiki/items/artifact-collections/artifacts-stygian-abyss/,-,,,,,,,,,,,,,
Breastplate of the Berserker,,,,,,,,,,,,,,,,,,,,,,,,,,,,15,,,,,,,,,,,,,,,,,,,,,,,,,,5,,,,,,4,,,,,,,,,,,,,,,,,,18,16,5,11,5,,,,,,,,,,,3,,,10,,,,,,,,,,,,,,,,,,,,2025-12-26,https://uo.com/wiki/ultima-online-wiki/items/artifact-collections/artifacts-stygian-abyss/,-,,,,,,,,,,,,,
Cast-Off Zombie Skin,,,,,,,,,,,,,,,,,,,,,,,,,,,,,,,,,,,,,,,,,,,,,,,,,,,,,,,,,,,,5,8,,,,,,,,,,,,,,,,,13,-2,17,18,6,,,,,,,,,,,,,,,,,,,,,,,,,,,,,,,,,,2025-12-26,https://uo.com/wiki/ultima-online-wiki/items/artifact-collections/artifacts-stygian-abyss/,[SPIRIT SPEAK +5,NECROMANCY +5,INCREASED KARMA LOSS 5%],,,,,,,,,,,
Crown of Arcane Temperament,,,,,,,,,,,2,,,,,,,,,,,,,,,,,,,,,,,,,,,,,,,,,,,,,,,,,,,,,,,,,6,,,,,,8,,3,,,,,,,,,,10,14,4,12,7,,,,,,,8,,,,,,,,,,,,,,,,,,,,,,,,,,,2025-12-26,https://uo.com/wiki/ultima-online-wiki/items/artifact-collections/artifacts-stygian-abyss/,-,,,,,,,,,,,,,
Giant Steps,,,,,,,,,,,,,,,,,,,,,,,,,,,,10,,,5,,,,,,,,,,,,,,,,,,,,,,,5,2,,,,,,,,,,,,,,,,,,,,,,,10,18,4,8,12,,,,,,,,,,,,5,,,,,,,,,,,,,,,,,,,,,,2025-12-26,https://uo.com/wiki/ultima-online-wiki/items/artifact-collections/artifacts-stygian-abyss/,-,,,,,,,,,,,,,
Mantle of the Fallen,,,,,,,,,,,3,,,,,,,,,,,,,,,,,,,,,,,,,,,,,,,,,,,,,,,,,,,,,,8,,,,25,,,,,8,,1,,,,,,,,,,5,8,11,12,8,,,,,,,5,,,,,,,,,,,,,,,,,,,,,,,,,,,2025-12-26,https://uo.com/wiki/ultima-online-wiki/items/artifact-collections/artifacts-stygian-abyss/,-,,,,,,,,,,,,,
Night Eyes,,,,,,,,,,,,,,,,,,,,,,,,,,,,,,10,,,,3,,,,,,,,,,,,,,,,,,,,,,,,,,,,,,,,,,,,,,,,,,,,10,10,10,10,10,,,,,,,,,,,,,,,,,,,,,,,,,,,,,,,,,,2025-12-26,https://uo.com/wiki/ultima-online-wiki/items/artifact-collections/artifacts-stygian-abyss/,-,,,,,,,,,,,,,
Protector of the Battle Mage,,,,,,,,,,,3,,,,,,,,,,,,,,,,,,,,,,,,,,,,,,,,,,,,,,,,,,,,,,,,,8,10,,,,,,,2,,,,,,,,,,10,16,10,8,8,,,,,,,5,,,,,,,,,,,,,,,,,,,,,,,,,,,2025-12-26,https://uo.com/wiki/ultima-online-wiki/items/artifact-collections/artifacts-stygian-abyss/,-,,,,,,,,,,,,,
Spined Bloodworm Bracers,,,,,,,,,,,,,,,,,,,,,,,10,,,,,10,,,,,,,,,,,,,,,,,,,,,,,,,,,2,,,,,,,,,,,,,,,,,,,,,,,11,10,15,15,10,,,,,,,,,,,2,,,,,,,,,,,,,,,,,,,,,,,2025-12-26,https://uo.com/wiki/ultima-online-wiki/items/artifact-collections/artifacts-stygian-abyss/,[REFLECT PHYSICAL 30%],,,,,,,,,,,,,
Summoner’s Kilt,,,,,,,,,,,2,,,,,,,,,,,,,,,,,,,,,,,,,,,,,,,,,,,,,,,,,,,,,,,,,8,10,,,,,5,,2,,,,,,,,,,5,7,21,6,21,,,,,,,5,,,,,,,,,,,,,,,,,,,,,,,,,,,2025-12-26,https://uo.com/wiki/ultima-online-wiki/items/artifact-collections/artifacts-stygian-abyss/,-,,,,,,,,,,,,,
Void Infused Kilt,,,,,,,,,,,,,,,,,,,,,,10,,,,,,,,,5,,,,,,,,,,5,,,,,,,,,,,,,,,,,,,,,,,,,,,1,,,,,,,,,,13,12,8,9,9,,,,,,,,,,,1,5,,,,,,,,,,,,,,,,,,,,,,2025-12-26,https://uo.com/wiki/ultima-online-wiki/items/artifact-collections/artifacts-stygian-abyss/,-,,,,,,,,,,,,,
Burning Amber,,,,,,,,,,,,,,,,,,,,,,,,,,,,,,,5,,,3,,,,,,,,,,,,,,,,,,,,,,,,,,,,,,,,,,2,,,,,,,,,,,20,,,,,,,,,,,,,,,,,,,,,,,,,,,,,,,,,,,,,2025-12-26,https://uo.com/wiki/ultima-online-wiki/items/artifact-collections/artifacts-stygian-abyss/,-,,,,,,,,,,,,,
Demon Bridle Ring,,,,,,,,,,,,,,,,,,,,,,,,,,,,,,10,,,,2,1,,,,,,,,,,,,,,,,,,,,1,,,,,4,,,,,,,,1,,,,,,,,,,,5,,,,,,,,,,,,,,,,,,,,,,,,,,,,,,,,,,,,,2025-12-26,https://uo.com/wiki/ultima-online-wiki/items/artifact-collections/artifacts-stygian-abyss/,-,,,,,,,,,,,,,
Dragon Jade Earring,,,,,,,,,,,,,,,,,,,,,,,,10,,,,,,,5,,,,,,,,,,,,,,,,,,,,,,,,2,,,,,5,,,,,,,,,,,,,,,,,,9,16,5,13,3,,,,,,,,,,,3,5,,,,,,,,,,,,,,,,,,,,,,2025-12-26,https://uo.com/wiki/ultima-online-wiki/items/artifact-collections/artifacts-stygian-abyss/,-,,,,,,,,,,,,,
Lavaliere,,,,,,,,,,,,,,,,,,,,,,,20,,,,,,,10,,,,,,,,,,,,,,,,,,,,,,,,,,,,,,10,20,,,,,,,,,,,,,,,,,15,,,,,,,,,,,,,,,,,,,,,,,,,,,,,,,,,,,,,,2025-12-26,https://uo.com/wiki/ultima-online-wiki/items/artifact-collections/artifacts-stygian-abyss/,-,,,,,,,,,,,,,
Obsidian Earrings,,,,,,,,,,,4,,,,,,,,,,,,,,,,,,,,,,,,,,,,,,,,,,,,,,,,,,,,,,,,,,,,,,,8,,2,,,,,,,,,,4,10,10,3,13,,,,,,,8,,,,2,,,,,,,,,,,,,,,,,,,,,,,2025-12-26,https://uo.com/wiki/ultima-online-wiki/items/artifact-collections/artifacts-stygian-abyss/,-,,,,,,,,,,,,,
Slither,,,,,,,,,,,,,,,,,,,,,,,,,,,,,,10,,,,,,,,,,,,,,,,,,,,,,,,10,2,,,,,,,,,,,,,,,,,,,,,,,,,,,,,,,,,,,,,,,,,,,,,,,,,,,,,,,,,,,,,2025-12-26,https://uo.com/wiki/ultima-online-wiki/items/artifact-collections/artifacts-stygian-abyss/,-,,,,,,,,,,,,,
Token of Holy Favor,,,,,,,,,,,,,,,,,,,,,,,,,,,,,,10,,,,2,1,,,,,,10,,,,,,,,,,,,,5,,,,,,,,,,,,,,,,,,,,,,,,,,5,5,,,,,,,,4,,,,,,,,,,,,,,,,,,,,,,,,,,,2025-12-26,https://uo.com/wiki/ultima-online-wiki/items/artifact-collections/artifacts-stygian-abyss/,-,,,,,,,,,,,,,
Torc of the Guardians,,,,,,,,,,,,,,,,,,,,,,,,,,,,,,,5,,,,,,,,,,,,,,,,,,,,,,,,,,5,,,5,,,,,,,,2,,,,,,,,,,5,5,5,5,5,,,,,,,,,,,2,5,,,,,,,,,,,,,,,,,,,,,,2025-12-26,https://uo.com/wiki/ultima-online-wiki/items/artifact-collections/artifacts-stygian-abyss/,-,,,,,,,,,,,,,
Venom,,,,,,,,,,,,,,,,,,,,,,,,,,,,,,,,,,1,2,,,,,,,,,,,,,,,,,,,,,,,,,,,,,,,,,,,,,,,,,,,,,,20,,,,,,,,10,,,,,,,,,,,,,,,,,,,,,,,,,,,2025-12-26,https://uo.com/wiki/ultima-online-wiki/items/artifact-collections/artifacts-stygian-abyss/,-,,,,,,,,,,,,,
Mystic’s Garb,,,,,,,,,,,,,,,,,,,,,,,,,,,,,,,,,,,,,,,,,,,,,,,,,,,,,,,,,,,,1,,,,,,5,,,,,,,,,,,,,,,,,,,,,,,,,,,,,,,,,,,,,,,,,,,,,,,,,,2025-12-26,https://uo.com/wiki/ultima-online-wiki/items/artifact-collections/artifacts-stygian-abyss/,-,,,,,,,,,,,,,
Shroud of the Condemned,,,,,,,,,,,,,,,,,,,,,,,,,,,,,,,,,,,,,,,,,,,,,,,,,,,,,,3,,,5,,,,,,,,,,,,,,,,,,,,,,,,,,,,,,,,,,,,,,,,,,,,,,,,,,,,,,,,,,,2025-12-26,https://uo.com/wiki/ultima-online-wiki/items/artifact-collections/artifacts-stygian-abyss/,-,,,,,,,,,,,,,
Tangle,,,,,,,,,,,,,,,,,,,,,,,,,,,,,,5,,,,,,,,,,,,,,,,,,,,,,,,,,,10,,,,,,,,,,,2,,,,,,,,,,,,,,,,,,,,,,,,,,,,,,,,,,,,,,,,,,,,,,,,2025-12-26,https://uo.com/wiki/ultima-online-wiki/items/artifact-collections/artifacts-stygian-abyss/,-,,,,,,,,,,,,,
Ancient Wedding Dress,,,,,,,,,,,,,,,,,,,,,,,,,,,,,,,,,,,,,,,,,,,,,,,,,,,,,,,,,,,,,,,,,,,,,,,,,,,,,,,,,,,,,,,,,,,,,,,,,,,,,,,,,,,,,,,,,,,,2025-12-26,https://uo.com/wiki/ultima-online-wiki/items/artifact-collections/artifacts-sunken/,-,,,,,,,,,,,,,
Bronzed Armor of the Valkyrie,,,,,,,,,,,,,,,,,,,,,,,,,,,,,,,5,,,,,,,,,,,,,,,,,,,,,,,5,,,,,,10,,,,,,,,,,,,,,,,,,11,14,8,11,8,,,,,,,,,,5,3,5,,,,,,,,,,,,,,,,,,,,,,2025-12-26,https://uo.com/wiki/ultima-online-wiki/items/artifact-collections/artifacts-sunken/,-,,,,,,,,,,,,,
Copper Ingots,,,,,,,,,,,,,,,,,,,,,,,,,,,,,,,,,,,,,,,,,,,,,,,,,,,,,,,,,,,,,,,,,,,,,,,,,,,,,,,,,,,,,,,,,,,,,,,,,,,,,,,,,,,,,,,,,,,,2025-12-26,https://uo.com/wiki/ultima-online-wiki/items/artifact-collections/artifacts-sunken/,-,,,,,,,,,,,,,
Enchanted Kelp Woven Leggings,,,,,,,,,,,4,,,,,,,,,,,,,,,,,,,,,,,,,,,,,,,,,,,,,,,,,,,5,,,,,,,15,,,,,8,,2,,,,,,,,,,5,13,12,8,14,,,,,,,8,,,,,,,,,,,,,,,,,,,,,,,,,,,2025-12-26,https://uo.com/wiki/ultima-online-wiki/items/artifact-collections/artifacts-sunken/,-,,,,,,,,,,,,,
Grape Vines,,,,,,,,,,,,,,,,,,,,,,,,,,,,,,,,,,,,,,,,,,,,,,,,,,,,,,,,,,,,,,,,,,,,,,,,,,,,,,,,,,,,,,,,,,,,,,,,,,,,,,,,,,,,,,,,,,,,2025-12-26,https://uo.com/wiki/ultima-online-wiki/items/artifact-collections/artifacts-sunken/,-,,,,,,,,,,,,,
Large Fishing Net,,,,,,,,,,,,,,,,,,,,,,,,,,,,,,,,,,,,,,,,,,,,,,,,,,,,,,,,,,,,,,,,,,,,,,,,,,,,,,,,,,,,,,,,,,,,,,,,,,,,,,,,,,,,,,,,,,,,2025-12-26,https://uo.com/wiki/ultima-online-wiki/items/artifact-collections/artifacts-sunken/,-,,,,,,,,,,,,,
Runed Driftwood Bow,,,,,,,,,,,,,,,,,,,,,,,,,,,,50,,,,,,,,,,,,,,,,,,,,40,,40,,,,,,,,,15,,,,,,,,,,,,,,,,,,,,,,,,,,,,,,,,,,,,,30,,,,,,,,255/255,30,15-19,4.2,,,*,ARCHERY,10,,,,2025-12-26,https://uo.com/wiki/ultima-online-wiki/items/artifact-collections/artifacts-sunken/,-,,,,,,,,,,,,,
Ancient Farmer’s Kasa,,,,,,,,,,,,,,,,,,,,,,,,,,,,,,,,,,,,,,,,,,,,,,,,,,,,,,,,,,,,,,,,,,,,,,,,,,,,,,,5,19,5,5,,,,,,,,,,5,5,5,,,,,,,,,,255/255,10,,,,,,,,,,,2025-12-26,https://uo.com/wiki/ultima-online-wiki/items/artifact-collections/artifacts-treasure-of-tokuno/,[ANIMAL LORE +5],,,,,,,,,,,,,
Ancient Samurai Do,,,,,,,,,,,,,,,,,,,,,,,,,,,,,,,,,,,,,,,,,,,,,,,,,,,,,,,,,,,,,,100,,*,,,,,,,,,,,,,,15,12,10,11,8,,,,,,,,,,,,,,,,,,,,,,255/255,,,,,,,,,,,,2025-12-26,https://uo.com/wiki/ultima-online-wiki/items/artifact-collections/artifacts-treasure-of-tokuno/,[PARRYING +10],,,,,,,,,,,,,
Ancient Urn,,,,,,,,,,,,,,,,,,,,,,,,,,,,,,,,,,,,,,,,,,,,,,,,,,,,,,,,,,,,,,,,,,,,,,,,,,,,,,,,,,,,,,,,,,,,,,,,,,,,,,,,,,,,,,,,,,,,2025-12-26,https://uo.com/wiki/ultima-online-wiki/items/artifact-collections/artifacts-treasure-of-tokuno/,[EXCEPTION],,,,,,,,,,,,,
Arms of Tactical Excellence,,,,,,,,,,,,,,,,,,,,,,,,,,,,,,,5,,,,,,,,,,,,,,,,,,,,,,,,,,,,,,,,,,,,,,,,,,,,,,,2,9,13,8,3,,,,,,,,,,,,,,,,,,,,,,255/255,25,,,,,,,,,,,2025-12-26,https://uo.com/wiki/ultima-online-wiki/items/artifact-collections/artifacts-treasure-of-tokuno/,[TACTICS +12],,,,,,,,,,,,,
Black Lotus Hood,,,,,,,,,,,,,,,,,,,,,,,,,,,,,,,,,,,,,,,,,6,,,,,,,,,,,,,,,,,,,6,,,,,,,,,,,,,,,,,,,11,15,11,11,,,5,,,,,,,,,,,,,,,,,,,255/255,10,,,,,,,,,,,2025-12-26,https://uo.com/wiki/ultima-online-wiki/items/artifact-collections/artifacts-treasure-of-tokuno/,-,,,,,,,,,,,,,
Chest of Heirlooms,,,,,,,,,,,,,,,,,,,,,,,,,,,,,,,,,,,,,,,,,,,,,,,,,,,,,,,,,,,,,,,,,,,,,,,,,,,,,,,,,,,,,,,,,,,,,,,,,,,,,,,,,,,,,,,,,,,,2025-12-26,https://uo.com/wiki/ultima-online-wiki/items/artifact-collections/artifacts-treasure-of-tokuno/,[EXCEPTION],,,,,,,,,,,,,
Daimyo’s Helm,,,,,,,,,,,,,,,,,,,,,,,,,,,,,,,,,,,,,,,,,,,,,,,,,,,,,,,,,,,,,,100,,*,,,,,,,,,,,,,,6,2,10,2,3,,,3,,,,,,,,,,,10,,,,,,,,255/255,,,,,,,,,,,,2025-12-26,https://uo.com/wiki/ultima-online-wiki/items/artifact-collections/artifacts-treasure-of-tokuno/,-,,,,,,,,,,,,,
Darkened Sky,,,,,,,,,,,,,,,,,,,50,,50,,,,,,,50,,,,,,,,,,,,,,,,,,,,60,,,,,,,,,,,,,,,,,,,,,,,,,,,,,,,,,,,,,,,,,,,,,,,,25,,,,,,,,255/255,15,10-13,2,,,*,FENCING,,,,,2025-12-26,https://uo.com/wiki/ultima-online-wiki/items/artifact-collections/artifacts-treasure-of-tokuno/,-,,,,,,,,,,,,,
Demon Forks,,,,,,,,,,,,,,,,,100,,,,,,,,,,,35,,10,,,,,,,,,,,,,,,,,,,,,,,,,,,,,,,,,,,,,,,,,,,,,,10,,,10,,10,,,,,,,,,,,,,,,,,,,,,,,255/255,15,10-13,2,,,*,FENCING,,,,,2025-12-26,https://uo.com/wiki/ultima-online-wiki/items/artifact-collections/artifacts-treasure-of-tokuno/,-,,,,,,,,,,,,,
Dragon Nunchaku,,,,,,,,,,,,,,,,,100,,,,,,,,,,,40,,,,,,,,,,,,,,,,,50,,,,,,,,,,,,,,,,,,,,,,,,,,,,,,,,,,5,,,,,,3,,,,,,,,,,,20,,,,,,,,255/255,15,12-15,2.5,,,*,MACE FIGHTING,,,,,2025-12-26,https://uo.com/wiki/ultima-online-wiki/items/artifact-collections/artifacts-treasure-of-tokuno/,-,,,,,,,,,,,,,
Exiler,,,,,,,,,,,,,,,,,,,,,100,,,,,,,40,,,,,,,,,,,,,,,33,,,,,,,,,,,,,,,,,,,,,,,,,,,,,,,,,,,,,,,,,,,,,,,,,,,,,20,,,,,,,,255/255,35,12-15,2.5,,,*,MACE FIGHTING,,,,,2025-12-26,https://uo.com/wiki/ultima-online-wiki/items/artifact-collections/artifacts-treasure-of-tokuno/,[DEMON SLAYER],,,,,,,,,,,,,
Flute of Renewal,,,,,,,,,,,,,,,,,,,,,,,,,,,,,,,,,,,,,,,,,,,,,,,,,,,,,,,,,,,,,,,,,,,,,,,,,,,,,,,,,,,,,,,,,,,,,,,,,,,,,,,,,,,,,,,,,,,,2025-12-26,https://uo.com/wiki/ultima-online-wiki/items/artifact-collections/artifacts-treasure-of-tokuno/,[EXCEPTION],,,,,,,,,,,,,
Gloves of the Sun,,,,,,,,,,,,,,,,,,,,,,,,,,,,,,,,,,,,,,,,,,,,,,,,,,,,,,,2,,,,,5,18,,,,,,,,,*,,,,,,,,2,24,3,3,3,,,,,,,,,,,,,,,,,,,,,,255/255,10,,,,,,,,,,,2025-12-26,https://uo.com/wiki/ultima-online-wiki/items/artifact-collections/artifacts-treasure-of-tokuno/,-,,,,,,,,,,,,,
Hanzo’s Bow,,,,,,,,,,,,,,,,,100,,,,,,,,,,,50,,,,,,,,,,,,,,,,,,,40,,,,,,,,,,,,,,,,,,,,,,,,,,,,,,,,,,,,,,3,,,,,,,,,,,,,,,,,,,255/255,35,13-17,3.25,,,*,ARCHERY,10,,,,2025-12-26,https://uo.com/wiki/ultima-online-wiki/items/artifact-collections/artifacts-treasure-of-tokuno/,[NINJITSU +10],,,,,,,,,,,,,
Honorable Swords,,,,,,,,,,,,,,,,,,,,,,,,,,,,,,,,,,,,,,,,,,,,,,,,,,,,,,,,,,,,,,,,,,,,,,,,,,,,,,,,,,,,,,,,,,,,,,,,,,,,,,,,,,,,,,,,,,,,2025-12-26,https://uo.com/wiki/ultima-online-wiki/items/artifact-collections/artifacts-treasure-of-tokuno/,[EXCEPTION],,,,,,,,,,,,,
Kasa of the Raj-In,,,,,,,,,,,,,,,,,,,,,,,,,,,,,,,,,,,,,,,,,,,,,,,,,,,,,,,,,,,,,,,,,,,,,,,,,,,,,,12,17,21,17,17,,,,,,,12,,,,,,,,,,,,,,,255/255,10,,,,,,,,,,,2025-12-26,https://uo.com/wiki/ultima-online-wiki/items/artifact-collections/artifacts-treasure-of-tokuno/,-,,,,,,,,,,,,,
Legs of Stability,,,,,,,,,,,,,,,,,,,,,,,,,,,,,,,,,,,,,,,,,,,,,,,,,,,,,,,,,,,,,,100,,*,,,,,,,,,,,,,,20,3,2,18,2,,,3,,,,,,,5,,,,,,,,,,,,255/255,,,,,,,,,,,,2025-12-26,https://uo.com/wiki/ultima-online-wiki/items/artifact-collections/artifacts-treasure-of-tokuno/,-,,,,,,,,,,,,,
Leurocian’s Mempo of Fortune,,,,,,,,,,,,,,,,,,,,,,,,,,,,,,,,,,,,,,,,,,,,,,,,,,,,,,,,,,,,,,,300,,,,,1,,,,,,,,,,15,10,10,10,15,,,,,,,,,,,,,,,,,,,,,,255/255,30,,,,,,,,,,,2025-12-26,https://uo.com/wiki/ultima-online-wiki/items/artifact-collections/artifacts-treasure-of-tokuno/,-,,,,,,,,,,,,,
Peasant’s Bokuto,,,,,,,,,,,,,,,,,100,,,,,,,,,,,35,,,,,,,,,,,,,,,,,,,,,,30,,,,,,,,,,,,,,,,,,,,,,,,,,,,,,,,,,,3,,,,,,,,,,,10,,,,,,,,255/255,20,10-12,2,,*,,SWORDSMANSHIP,,,,,2025-12-26,https://uo.com/wiki/ultima-online-wiki/items/artifact-collections/artifacts-treasure-of-tokuno/,[SNAKE SLAYER],,,,,,,,,,,,,
Pigments of Tokuno,,,,,,,,,,,,,,,,,,,,,,,,,,,,,,,,,,,,,,,,,,,,,,,,,,,,,,,,,,,,,,,,,,,,,,,,,,,,,,,,,,,,,,,,,,,,,,,,,,,,,,,,,,,,,,,,,,,,2025-12-26,https://uo.com/wiki/ultima-online-wiki/items/artifact-collections/artifacts-treasure-of-tokuno/,[EXCEPTION],,,,,,,,,,,,,
Pigments of Tokuno,,,,,,,,,,,,,,,,,,,,,,,,,,,,,,,,,,,,,,,,,,,,,,,,,,,,,,,,,,,,,,,,,,,,,,,,,,,,,,,,,,,,,,,,,,,,,,,,,,,,,,,,,,,,,,,,,,,,2025-12-26,https://uo.com/wiki/ultima-online-wiki/items/artifact-collections/artifacts-treasure-of-tokuno/,[EXCEPTION],,,,,,,,,,,,,
Pigments of Tokuno,,,,,,,,,,,,,,,,,,,,,,,,,,,,,,,,,,,,,,,,,,,,,,,,,,,,,,,,,,,,,,,,,,,,,,,,,,,,,,,,,,,,,,,,,,,,,,,,,,,,,,,,,,,,,,,,,,,,2025-12-26,https://uo.com/wiki/ultima-online-wiki/items/artifact-collections/artifacts-treasure-of-tokuno/,[EXCEPTION],,,,,,,,,,,,,
Pigments of Tokuno ,,,,,,,,,,,,,,,,,,,,,,,,,,,,,,,,,,,,,,,,,,,,,,,,,,,,,,,,,,,,,,,,,,,,,,,,,,,,,,,,,,,,,,,,,,,,,,,,,,,,,,,,,,,,,,,,,,,,2025-12-26,https://uo.com/wiki/ultima-online-wiki/items/artifact-collections/artifacts-treasure-of-tokuno/,[EXCEPTION],,,,,,,,,,,,,
Pilfered Dancer Fans,,,,,,,,,,,,,,,,,100,,,,,,,,,,,20,,5,,,,2,,,,,,,,,,,,,,,,,,,,,,,,,,,,,,,,,,,,,,,,,,,,,,,,,,,,,,*,,,,,,,,20,,,,,,,,255/255,10,11-13,2,,,*,MACE FIGHTING,,,,,2025-12-26,https://uo.com/wiki/ultima-online-wiki/items/artifact-collections/artifacts-treasure-of-tokuno/,-,,,,,,,,,,,,,
Rune Beetle Carapace,,,,,,,,,,,,,,,,,,,,,,,,,,,,,,,,,,,,,,,,,,,,,,,,,,,,,,,,,,,,15,,100,,*,,10,,3,,,,,,,,,,5,3,14,3,14,,,,,,,,,,,,,,,,,,,,,,255/255,,,,,,,,,,,,2025-12-26,https://uo.com/wiki/ultima-online-wiki/items/artifact-collections/artifacts-treasure-of-tokuno/,-,,,,,,,,,,,,,
Stormgrip,,,,,,,,,,,,,,,,,,,,,,,,,,,,25,,,,,,,,,,,,,,,,,,,,,,,,,,,,,8,,,,,,125,,,,,,,,,,,,,,,10,4,18,3,18,,,,,,,,,,,,,,,,,,,,,,255/255,10,,,,,,,,,,,2025-12-26,https://uo.com/wiki/ultima-online-wiki/items/artifact-collections/artifacts-treasure-of-tokuno/,-,,,,,,,,,,,,,
Sword of the Stampede,,,,,,,,,,,,,,,,,,,100,,,,,,,,,60,,,,,,,,,,,,,10,,,,,100,,,,,,,,,,,,,,,,,,,,,,,,,,,,,,,,,,,,,,,,,,,,,,,,,,,,,,,,,,255/255,40,16-19,3.5,,,*,SWORDSMANSHIP,,,,,2025-12-26,https://uo.com/wiki/ultima-online-wiki/items/artifact-collections/artifacts-treasure-of-tokuno/,-,,,,,,,,,,,,,
Swords of Prosperity,,,,,,,,,,,,,,,,,,100,,,,,,,,,,,,,,,,,1,,,,,,,,,,,,,,,,,,,,,,,,,,,,200,,0,,,,,,,,,,,,,,,,,,,,,,,*,,,,,,,,,,,,,,,,255/255,40,13-16,2.75,,,*,SWORDSMANSHIP,,,,,2025-12-26,https://uo.com/wiki/ultima-online-wiki/items/artifact-collections/artifacts-treasure-of-tokuno/,-,,,,,,,,,,,,,
The Destroyer,,,,,,,,,,,,,,,,,100,,,,,,,,,,,50,,,,,,,,,,,,,10,,,,,,,,,,,,,,,40,,,,,,,,,,,,,,,,,,,,,,,,,,,,,,,,,,,,,,6,,,,,,,,,,255/255,40,16-19,3.5,,,*,SWORDSMANSHIP,,,,,2025-12-26,https://uo.com/wiki/ultima-online-wiki/items/artifact-collections/artifacts-treasure-of-tokuno/,-,,,,,,,,,,,,,
The Horselord,,,,,,,,,,,,,,,,,100,,,,,,,,,,,50,,,5,,,,,,,,,,,,,,,,,,,,,,,,,,,,,,,,125,,,,,1,,,,,,,,,,,,,,,,,,,,,,,,,,,,,,,,,,,,255/255,35,13-17,3.25,,,*,ARCHERY,10,,,,2025-12-26,https://uo.com/wiki/ultima-online-wiki/items/artifact-collections/artifacts-treasure-of-tokuno/,[ELEMENTAL SLAYER,REPTILE SLAYER],,,,,,,,,,,,
Tome of Enlightenment,,,,,,,,,,,,,,,,,,,,,,,,,,,,,,,,,,,1,,,,,,,,,,,,,,,,,,,,,,5,,,,,,,,,,,,,,,,,,,,,,,,,,,,,,,,10,,,,,,,,,,,,,,,,,,,,,,,,,,,2025-12-26,https://uo.com/wiki/ultima-online-wiki/items/artifact-collections/artifacts-treasure-of-tokuno/,-,,,,,,,,,,,,,
Tome of Lost Knowledge,,,,,,,,,,,,,,,,,,,,,,,,,,,,,,,,,,,,,,,,,,,,,,,,,,,,,,,,,8,,,15,,,,,,,,,,,,,,,,,,,,,,,,,,,,,15,,,,,,,,,,,,,,,,,,,,,,,,,,,2025-12-26,https://uo.com/wiki/ultima-online-wiki/items/artifact-collections/artifacts-treasure-of-tokuno/,[MAGERY +15],,,,,,,,,,,,,
Wind’s Edge,,,,,,,,,,,,,,,,,,,,,100,,,,,,,50,,10,,,,,,,,,,,,,,,,,,,,,,,40,,,,,,,,,,,,,,,,,,,,,,,,,,,,,,,,,,,,,,,,,,,50,,,,,,,,255/255,10,10-13,2,,,*,MACE FIGHTING,,,,,2025-12-26,https://uo.com/wiki/ultima-online-wiki/items/artifact-collections/artifacts-treasure-of-tokuno/,-,,,,,,,,,,,,,
